{"type":"FeatureCollection","metadata":{"source":"DC Open Data — Parks and Recreation Areas","updated":"2025-09-12","license":"CC BY 4.0"},"features":[{"type":"Feature","properties":{"id":"DPR_0616","name":"Plymouth Circle","address":"Plymouth St. & Parkside Ln., NW","type":"CIRCLE","ward":"4","water":0,"playground":0,"picnic":0,"benches":0,"pool":0,"garden":"N"},"geometry":{"type":"Polygon","coordinates":[[[-77.046769050642922,38.987914609234849],[-77.046754061632143,38.98790539157536],[-77.046737707157632,38.98789889797434],[-77.046720477637862,38.987895323154142],[-77.046702889731137,38.987894774312231],[-77.046685470842604,38.987897267906604],[-77.046668743309112,38.987902729162343],[-77.046653208736004,38.987910994313815],[-77.046639332955493,38.987921815515513],[-77.046627532057983,38.987934868274166],[-77.046618159914658,38.987949761179202],[-77.046611497566218,38.987966047639951],[-77.046607744795182,38.987983239277462],[-77.046607014135205,38.988000820569418],[-77.046609327496427,38.988018264308998],[-77.046614615508531,38.988035047414151],[-77.046622719600933,38.988050666613148],[-77.046633396757755,38.988064653536064],[-77.046646326805174,38.988076588759753],[-77.046661122012338,38.988086114384963],[-77.04667733871824,38.988092944768596],[-77.04669449063563,38.988096875089262],[-77.046709910064507,38.988104478094606],[-77.046726406610588,38.988109318388418],[-77.046743489517652,38.988111251976648],[-77.046760650585767,38.988110221336939],[-77.046777379289807,38.988106257129822],[-77.046793177967047,38.988099477286596],[-77.0468075766222,38.988090083501035],[-77.046820146909198,38.988078355229142],[-77.04683051487423,38.98806464137563],[-77.046838372080373,38.988049349914334],[-77.046843484783381,38.988032935751399],[-77.046845700885299,38.98801588719224],[-77.046844954459232,38.98799871141496],[-77.046841267710647,38.987981919382271],[-77.046834750316719,38.987966010640854],[-77.046825596163615,38.987951458460337],[-77.046814077578503,38.987938695753961],[-77.046800537228108,38.987928102199874],[-77.046785377924721,38.987919992946033],[-77.046769050642922,38.987914609234849]]]}},{"type":"Feature","properties":{"id":"DPR_0566","name":"Triangle Park RES 0566","address":"Plymouth Street at Sudbury Lane, NW","type":"MEDIAN","ward":"4","water":0,"playground":0,"picnic":0,"benches":0,"pool":0,"garden":"N"},"geometry":{"type":"Polygon","coordinates":[[[-77.044811108778191,38.986445235824199],[-77.044796932753485,38.986432765002426],[-77.044780863476205,38.986422852414456],[-77.044763357534862,38.986415779714115],[-77.044744912338956,38.986411747863364],[-77.044726051985748,38.98641087142223],[-77.044707312368658,38.986413175293684],[-77.044689225950549,38.986418594016094],[-77.044672306634467,38.98642697362321],[-77.044657035161677,38.986438076018956],[-77.044643845452043,38.986451585742572],[-77.044633112274738,38.986467118932119],[-77.044625140599621,38.986484234231355],[-77.044620156931884,38.986502445330402],[-77.044618302876259,38.986521234783559],[-77.044619631113406,38.986540068711946],[-77.044624103903146,38.986558411972958],[-77.044631594156698,38.986575743365691],[-77.044989341325788,38.986844411327134],[-77.045004971939818,38.986856014728318],[-77.045022369733104,38.986864748101233],[-77.045041013169708,38.986870349644398],[-77.045060343372825,38.986872651439604],[-77.04507978087841,38.986871584485627],[-77.045098743005752,38.986867180766701],[-77.045116661324656,38.986859572293682],[-77.045132998695294,38.986848987146786],[-77.045147265370119,38.986835742638355],[-77.04515903367512,38.986820235800799],[-77.045167950830276,38.986802931484632],[-77.045173749524835,38.986784348423647],[-77.045176255930542,38.986765043684741],[-77.045175394912562,38.986745595968628],[-77.045171192281728,38.986726588262087],[-77.045163774020864,38.986708590361658],[-77.044811108778191,38.986445235824199]]]}},{"type":"Feature","properties":{"id":"DPR_0437","name":"Shepherd Field","address":"7800 14TH STREET NW","type":"REC CENTER GROUNDS","ward":"4","water":0,"playground":0,"picnic":0,"benches":0,"pool":0,"garden":"N"},"geometry":{"type":"Polygon","coordinates":[[[-77.035276058500429,38.98424133490677],[-77.035064981613388,38.984241398380391],[-77.03354659687659,38.984241843753189],[-77.033546976473701,38.98504800677577],[-77.034899509837857,38.98530859697285],[-77.035072309956121,38.985341893688698],[-77.035243078646388,38.985374794399846],[-77.035465872344659,38.985417714246843],[-77.035465851223279,38.985375285569162],[-77.035465575154362,38.984820712991095],[-77.035465539571504,38.984749232821365],[-77.035465307215162,38.984282463233541],[-77.03546528671329,38.984241277679551],[-77.035276058500429,38.98424133490677]]]}},{"type":"Feature","properties":{"id":"DPR_0340","name":"Marvin Caplan Memorial Park","address":"Alaska Ave.,13th St.,Holly St.,NW","type":"TRIANGLE","ward":"4","water":0,"playground":0,"picnic":0,"benches":0,"pool":0,"garden":"N"},"geometry":{"type":"Polygon","coordinates":[[[-77.030268955774929,38.980454340623879],[-77.030268117112783,38.980453108408682],[-77.0302670957348,38.980452022823371],[-77.030265916873233,38.980451110686381],[-77.030264609650857,38.980450394531296],[-77.030263206361468,38.980449892050096],[-77.029765780372088,38.980450470123031],[-77.02976587155996,38.980917366228169],[-77.029767591215162,38.980919164289503],[-77.029769573595814,38.98092066775402],[-77.029771768804196,38.980921838778649],[-77.029774121585675,38.980922647888008],[-77.029776572719314,38.980923074716344],[-77.030268955774929,38.980454340623879]]]}},{"type":"Feature","properties":{"id":"DPR_0564","name":"Pinehurst Circle","address":"Western Ave and Pinhurst Circle, NW","type":"PARK","ward":"4","water":0,"playground":0,"picnic":0,"benches":0,"pool":0,"garden":"N"},"geometry":{"type":"Polygon","coordinates":[[[-77.066431099402465,38.975528969235356],[-77.06637048367088,38.975525576132867],[-77.066309852881147,38.975528688591012],[-77.066249903235772,38.975538270870508],[-77.066191323115959,38.975554212941326],[-77.06613478517707,38.975576331746147],[-77.06608093862485,38.975604373302346],[-77.066030401760756,38.975638015618358],[-77.065992701383379,38.975670678320995],[-77.065959530374286,38.975707932243658],[-77.065931443249653,38.975749154616551],[-77.065908909538891,38.975793656329742],[-77.065894481481337,38.975831296737752],[-77.065885690580274,38.97587063741922],[-77.065882724388175,38.975910839046854],[-77.065885646188292,38.975951043925214],[-77.065894393644498,38.975990394289504],[-77.065908780131153,38.976028050605862],[-77.065915933561115,38.976041669988632],[-77.065925141943566,38.976053993333956],[-77.065936175611185,38.976064713283854],[-77.065948759372034,38.976073562470845],[-77.065962579373064,38.976080320186327],[-77.065977290928075,38.976084817885358],[-77.066598133316603,38.975600822988774],[-77.066592411296099,38.975587898943679],[-77.066584560215688,38.97557614594421],[-77.066574812112819,38.975565911348433],[-77.066540721523111,38.975550518219478],[-77.066505089626304,38.97553913908704],[-77.06646838725888,38.975531924313891],[-77.066431099402465,38.975528969235356]]]}},{"type":"Feature","properties":{"id":"DPR_0032","name":"Triangle Park 3278    0801","address":"4th St. and Blair Rd., NW","type":"SMALL PARK","ward":"4","water":0,"playground":0,"picnic":0,"benches":0,"pool":0,"garden":"N"},"geometry":{"type":"Polygon","coordinates":[[[-77.017592116448725,38.974025492499983],[-77.017893660817322,38.974300017694787],[-77.017893591863128,38.974025446755647],[-77.017592116448725,38.974025492499983]]]}},{"type":"Feature","properties":{"id":"DPR_0631","name":"Fort Stevens","address":"Luzon Ave., between Van Buren and 13th Sts., NW","type":"REC CENTER GROUNDS","ward":"4","water":3,"playground":1,"picnic":7,"benches":20,"pool":0,"garden":"N"},"geometry":{"type":"Polygon","coordinates":[[[-77.029878326291424,38.970092965974807],[-77.029878603748529,38.970754684214661],[-77.029878944679879,38.971567767780456],[-77.030030255449844,38.971543379751779],[-77.030209628909446,38.971514471153228],[-77.030388990676073,38.971485544265903],[-77.030568363844495,38.97145663511678],[-77.030681757145743,38.97143834571974],[-77.031656300663983,38.971438085954681],[-77.03296766703069,38.970092135784391],[-77.029878326291424,38.970092965974807]]]}},{"type":"Feature","properties":{"id":"DPR_0648","name":"Triangle Park RES 0648","address":"14th St., between Underwood St. & Luzon Ave., NW","type":"TRIANGLE","ward":"4","water":0,"playground":0,"picnic":0,"benches":0,"pool":0,"garden":"N"},"geometry":{"type":"Polygon","coordinates":[[[-77.033621607049582,38.9690779278192],[-77.033621620004254,38.969105384939731],[-77.033621747077859,38.969374713340663],[-77.033621757325221,38.96939643220999],[-77.033643579361012,38.96937408549244],[-77.033886977075426,38.969124622012501],[-77.033912005321469,38.969098977297442],[-77.033621607049582,38.9690779278192]]]}},{"type":"Feature","properties":{"id":"DPR_0473","name":"Lafayette","address":"Broad Branch Rd., between Quesada and 33rd Sts., NW","type":"REC CENTER GROUNDS","ward":"4","water":3,"playground":1,"picnic":8,"benches":19,"pool":0,"garden":"N"},"geometry":{"type":"Polygon","coordinates":[[[-77.06648390276591,38.967743036280268],[-77.066484079738544,38.967932731843121],[-77.06648422062483,38.968083746009093],[-77.066484361511726,38.968234760170489],[-77.066484502399206,38.968385774327359],[-77.066484679383436,38.968575478874079],[-77.066977083756754,38.968575197873427],[-77.066977045048077,38.96853401219645],[-77.066976905461772,38.968385493327446],[-77.06697676353086,38.968234479171151],[-77.066976688467904,38.968154612102445],[-77.06697662160056,38.968083465010373],[-77.066976479670856,38.967932450844977],[-77.06697634009538,38.96778394096637],[-77.066976301387555,38.967742755282892],[-77.067029058382474,38.967742725053029],[-77.067029427508317,38.968135169111925],[-77.067054324319443,38.968154567608721],[-77.068811631640401,38.968153546694438],[-77.06882415579922,38.968181690093971],[-77.068886522312027,38.968321821683098],[-77.068948900609385,38.968461953228207],[-77.068979546344266,38.968530821210727],[-77.068998778002509,38.968574022419538],[-77.069501313847539,38.968573724811158],[-77.069397417542646,38.96834030178865],[-77.069335050009059,38.968200170472528],[-77.069290191330126,38.968099376767164],[-77.069222753998673,38.968073391883813],[-77.068802195244601,38.967128458730251],[-77.067037325746611,38.967245456039549],[-77.066536378463638,38.967318132440823],[-77.066509992089976,38.967321903891531],[-77.06648351337563,38.967325648363996],[-77.06648390276591,38.967743036280268]]]}},{"type":"Feature","properties":{"id":"DPR_0422","name":"Triangle Park RES 0422","address":"Chevy Chase Parkway,Chevy Chase Parkway,Oliver St.,NW","type":"TRIANGLE","ward":"3","water":0,"playground":0,"picnic":0,"benches":0,"pool":0,"garden":"N"},"geometry":{"type":"Polygon","coordinates":[[[-77.072588562957961,38.966776415272733],[-77.072588754911166,38.966964867724947],[-77.072591501162705,38.966976905743934],[-77.072596257064845,38.966988300356412],[-77.072602883715348,38.966998718768082],[-77.072611187574395,38.967007856695844],[-77.072620926117082,38.967015447254774],[-77.072631814916789,38.967021268752845],[-77.07264353595211,38.967025151165721],[-77.072655746895137,38.967026981102563],[-77.07266809110962,38.967026705117689],[-77.072954259146371,38.967026526926517],[-77.072829183668645,38.966947865699233],[-77.0727072248296,38.966864454037058],[-77.072588562957961,38.966776415272733]]]}},{"type":"Feature","properties":{"id":"DPR_0034","name":"Chevy Chase Community Center","address":"5601 CONNECTICUT AVENUE NW","type":"REC CENTER GROUNDS","ward":"3","water":1,"playground":1,"picnic":2,"benches":0,"pool":0,"garden":"N"},"geometry":{"type":"Polygon","coordinates":[[[-77.074555302328704,38.965704123875817],[-77.07455534541532,38.965745309573386],[-77.074590515757279,38.965745287143214],[-77.074678441612122,38.965745231021522],[-77.074766367466722,38.965745174833756],[-77.074854293321195,38.965745118579804],[-77.074907048833879,38.965745084795735],[-77.074994974688124,38.965745028436039],[-77.074994931347447,38.965703842738606],[-77.075772843925677,38.965703341223438],[-77.075388654177871,38.965044617903118],[-77.07499423790334,38.965044871534012],[-77.074994194563516,38.965003685830851],[-77.07488868463588,38.965003753453864],[-77.074783174708045,38.965003820981657],[-77.074677664780097,38.96500388841428],[-77.074589739839865,38.96500394453539],[-77.07455456986375,38.965003966965298],[-77.074554612949527,38.965045152668644],[-77.074554936094444,38.96535404543274],[-77.074554979180633,38.965395231133201],[-77.074555302328704,38.965704123875817]]]}},{"type":"Feature","properties":{"id":"DPR_0431","name":"Chevy Chase Recreation Center","address":"5500 41ST STREET NW","type":"REC CENTER GROUNDS","ward":"3","water":1,"playground":1,"picnic":5,"benches":14,"pool":0,"garden":"N"},"geometry":{"type":"Polygon","coordinates":[[[-77.082340618528548,38.963167464164286],[-77.080389473715357,38.963168821905278],[-77.080391296452916,38.964784721423847],[-77.080394078627819,38.964789036265536],[-77.080397550427307,38.96479281845594],[-77.080401611839989,38.964795959042341],[-77.080406145869659,38.964798367554536],[-77.080411021905476,38.964799974611047],[-77.080416099484566,38.964800733917734],[-77.080421232338182,38.96480062360142],[-77.080426272605337,38.964799646839964],[-77.08043107509215,38.964797831770717],[-77.080435501454431,38.964795230679997],[-77.082445353767866,38.963228196093034],[-77.082381705048803,38.963175902984602],[-77.082371997290451,38.963171590379886],[-77.082361772130753,38.963168711970447],[-77.082351240220163,38.963167327054947],[-77.082340618528548,38.963167464164286]]]}},{"type":"Feature","properties":{"id":"DPR_0452","name":"Triangle Park RES 0452","address":"New Hampshire Ave., 1st St. and Chillum Pl., NE","type":"SMALL PARK","ward":"4","water":0,"playground":0,"picnic":0,"benches":0,"pool":0,"garden":"N"},"geometry":{"type":"Polygon","coordinates":[[[-77.005830470956241,38.96181165331587],[-77.005651493008401,38.96169776172497],[-77.005441623664296,38.961980450734984],[-77.005830484768296,38.961980431984365],[-77.005830470956241,38.96181165331587]]]}},{"type":"Feature","properties":{"id":"DPR_0373","name":"Triangle Park RES 0373","address":"Military Rd., between Belt Rd. and 42nd St., NW","type":"SMALL PARK","ward":"3","water":0,"playground":0,"picnic":0,"benches":0,"pool":0,"garden":"N"},"geometry":{"type":"Polygon","coordinates":[[[-77.081915464637106,38.961151561436807],[-77.081593356012249,38.961151786661262],[-77.081608318829069,38.961170117036112],[-77.08162695592398,38.961192948973995],[-77.081763863243779,38.96136065918008],[-77.081863092295919,38.96148222827717],[-77.081915919072713,38.961546942647928],[-77.081915464637106,38.961151561436807]]]}},{"type":"Feature","properties":{"id":"DPR_0029","name":"Emery","address":"Georgia Ave. and Madison St., NW","type":"REC CENTER GROUNDS","ward":"4","water":1,"playground":1,"picnic":1,"benches":3,"pool":0,"garden":"Y"},"geometry":{"type":"Polygon","coordinates":[[[-77.027702906707759,38.958462407836869],[-77.027632620134426,38.958464469345877],[-77.027562333557043,38.958466530812636],[-77.027492046975581,38.958468592237139],[-77.027421771927735,38.958470653616693],[-77.027351485334677,38.958472705948431],[-77.027281198741022,38.958474767246173],[-77.027210912143318,38.958476828501688],[-77.02714062554152,38.958478889714911],[-77.027070350473352,38.958480950883249],[-77.027000063863454,38.958483012011975],[-77.026929777249478,38.958485073098487],[-77.026859490631438,38.958487134142693],[-77.026789204009333,38.958489195144701],[-77.026718928920843,38.958491256101787],[-77.026648642290596,38.958493317019276],[-77.026578355656298,38.958495377894494],[-77.026508069017936,38.958497438727498],[-77.026437793913203,38.958499499515597],[-77.026367507263359,38.958501551255829],[-77.026297220612804,38.958503611962051],[-77.026226933958199,38.958505672626039],[-77.02615664729953,38.958507733247735],[-77.026086372174376,38.958509793824639],[-77.026016085507578,38.958511854361859],[-77.02599174777221,38.958846660812952],[-77.026113760108302,38.960203439691796],[-77.027308420422017,38.960593917969824],[-77.027809581738978,38.9606155457722],[-77.027814952918732,38.960571818410642],[-77.028038098936364,38.958756645848752],[-77.028044148669565,38.958620151222554],[-77.028051593584976,38.958452181391252],[-77.027702906707759,38.958462407836869]]]}},{"type":"Feature","properties":{"id":"DPR_0756","name":"Legacy Memorial Park","address":"South Dakota Ave NE and New Hampshire Ave NW","type":"PARK","ward":"—","water":0,"playground":0,"picnic":0,"benches":0,"pool":0,"garden":"N"},"geometry":{"type":"Polygon","coordinates":[[[-77.007442454444032,38.96009786704019],[-77.007183236466219,38.959912358172161],[-77.006874300348528,38.960175471946592],[-77.007133518479279,38.960360981489927],[-77.007276103704783,38.960239541383011],[-77.007347390366334,38.960178821263568],[-77.007442454444032,38.96009786704019]]]}},{"type":"Feature","properties":{"id":"DPR_0347","name":"Triangle Park RES 0347","address":"Missouri Ave., between Madison Ave. & 7th Sts., NW","type":"TRIANGLE","ward":"4","water":0,"playground":0,"picnic":0,"benches":0,"pool":0,"garden":"N"},"geometry":{"type":"Polygon","coordinates":[[[-77.022324260101669,38.958569000317425],[-77.021462738732041,38.958595150486552],[-77.021415008582807,38.95860002578322],[-77.021368001183617,38.95860962995345],[-77.02132218385691,38.958623867517744],[-77.021225519751184,38.958657756169664],[-77.022344985451795,38.959022382131884],[-77.022324260101669,38.958569000317425]]]}},{"type":"Feature","properties":{"id":"DPR_326B","name":"Triangle Park RES 326B","address":"Reno Rd.,39th St.,Jenifer St.,NW","type":"TRIANGLE","ward":"3","water":0,"playground":0,"picnic":0,"benches":0,"pool":0,"garden":"N"},"geometry":{"type":"Polygon","coordinates":[[[-77.077883698835365,38.958977217893981],[-77.077232759641817,38.958654964675489],[-77.077233109309304,38.95897764946465],[-77.077883698835365,38.958977217893981]]]}},{"type":"Feature","properties":{"id":"DPR_0516","name":"Triangle Park RES 0515","address":"Nevada Ave.,Broadbranch Rd.,Chapel Rd.,NW","type":"TRIANGLE","ward":"3","water":0,"playground":0,"picnic":0,"benches":0,"pool":0,"garden":"N"},"geometry":{"type":"Polygon","coordinates":[[[-77.065338435742873,38.958771631084936],[-77.065346018147011,38.958779445895509],[-77.065354795889604,38.958785889136266],[-77.065364523916273,38.958790780926734],[-77.065374930642847,38.958793984699341],[-77.065385725537396,38.958795411012119],[-77.065396607231293,38.958795020045692],[-77.065575439868397,38.958793028145813],[-77.065620601740392,38.958791800549484],[-77.065665198158584,38.958784571361484],[-77.06570843514875,38.958771469286965],[-77.065749542939272,38.958752727589271],[-77.065787789665876,38.95872867993701],[-77.065793022225762,38.958721798060722],[-77.065797065516463,38.958714156614221],[-77.065799811811885,38.958705959189885],[-77.065801187942014,38.958697424193105],[-77.065801157242376,38.958688779023248],[-77.06579972053089,38.958680254015071],[-77.065796916086143,38.958672076301831],[-77.065792818627401,38.958664463763739],[-77.065787537323985,38.958657619222961],[-77.065781212886549,38.958651725039765],[-77.065774013818185,38.958646938253899],[-77.065766131924903,38.95864338640051],[-77.065757777205334,38.958641164112237],[-77.065749172255707,38.958640330597888],[-77.065612046075017,38.958626952871036],[-77.065475349716991,38.958609729087755],[-77.065339191032635,38.958588672837308],[-77.065331690208723,38.958587274921015],[-77.065324062131253,38.958587104733944],[-77.065316506425191,38.958588166729825],[-77.065309220821518,38.958590433116505],[-77.065302395982741,38.958593844583177],[-77.065296210513196,38.95859831185259],[-77.065290826285164,38.958603718017386],[-77.065286384202565,38.958609921599546],[-77.065283000513631,38.958616760252816],[-77.065280763768683,38.958624055011306],[-77.065279732502802,38.958631614972951],[-77.065279933703948,38.958639242295384],[-77.065306970777499,38.958706415023372],[-77.065338435742873,38.958771631084936]]]}},{"type":"Feature","properties":{"id":"DPR_0541","name":"Triangle Park RES 0541","address":"Kansas Ave., between Longfellow & 2nd Sts., NW","type":"TRIANGLE","ward":"4","water":0,"playground":0,"picnic":0,"benches":0,"pool":0,"garden":"N"},"geometry":{"type":"Polygon","coordinates":[[[-77.014051285391417,38.957724627775946],[-77.013725234900861,38.957725423205552],[-77.013725457623437,38.958162981503882],[-77.014051285391417,38.957724627775946]]]}},{"type":"Feature","properties":{"id":"DPR_326A","name":"Triangle Park RES 326A","address":"Reno Rd.,38th St.,Huntington St. ,NW","type":"TRIANGLE","ward":"3","water":0,"playground":0,"picnic":0,"benches":0,"pool":0,"garden":"N"},"geometry":{"type":"Polygon","coordinates":[[[-77.074701038489465,38.957217503245097],[-77.07470016380843,38.95721695185884],[-77.074699210787031,38.957216550805335],[-77.074698205042381,38.957216310864872],[-77.07469717360884,38.957216238487021],[-77.074696144211245,38.957216335617304],[-77.074695144519708,38.957216599644859],[-77.074694201405862,38.957217023472651],[-77.074693340220549,38.957217595708222],[-77.074692584112327,38.957218300969927],[-77.074691953405335,38.957219120300394],[-77.074691465052936,38.95722003167608],[-77.074691096488678,38.957639006368822],[-77.075291965920229,38.957634567244526],[-77.074862529560264,38.957339606093932],[-77.074701038489465,38.957217503245097]]]}},{"type":"Feature","properties":{"id":"DPR_0625","name":"Linnean Park","address":"Linnean Ave. and Broad Branch Rd., NW","type":"PARK","ward":"3","water":0,"playground":0,"picnic":0,"benches":0,"pool":0,"garden":"N"},"geometry":{"type":"MultiPolygon","coordinates":[[[[-77.065883870624376,38.9555280429798],[-77.06587751388922,38.955515831349345],[-77.065819309412504,38.955404017464723],[-77.065771665892939,38.955421880650007],[-77.065343069257352,38.955582630315178],[-77.065258318017371,38.955419844185279],[-77.065197410145799,38.955302833727224],[-77.065232507468068,38.955203443931325],[-77.065534851214821,38.954967005949435],[-77.065575317275034,38.954935355223796],[-77.065482892116563,38.954757817993766],[-77.0654556581609,38.954714928297918],[-77.065424994124513,38.954674419888633],[-77.065391107141465,38.954636566398293],[-77.065354226116725,38.95460162352542],[-77.065312485280089,38.954626951083],[-77.065311989468611,38.954627257641157],[-77.065310582727179,38.954628105204442],[-77.065039762407821,38.954792467938056],[-77.065032176738555,38.954798732905537],[-77.065024394798343,38.954804844841085],[-77.065008265187117,38.954816618611716],[-77.065002442579456,38.954820576479719],[-77.064998441627054,38.954823218127316],[-77.064994406046765,38.954825841777428],[-77.064986207854531,38.954830954023855],[-77.06495197155327,38.954849881408045],[-77.064943068888368,38.954854219331622],[-77.064938582874589,38.954856311742056],[-77.064934073761847,38.954858377140404],[-77.064927327295152,38.954861362624627],[-77.064907744602124,38.954869327800672],[-77.064897768402503,38.954873026729558],[-77.064887745864951,38.954876518493144],[-77.064880606560365,38.954878873613808],[-77.064824381036814,38.954893666561233],[-77.064766930645476,38.954902588070411],[-77.064708866818094,38.9549055431917],[-77.064660156581894,38.954903558690908],[-77.064611795803984,38.954897405601201],[-77.064564140568052,38.95488712922819],[-77.06415688840039,38.954714998194021],[-77.063969420622385,38.954493902842422],[-77.063957940673376,38.95448035167616],[-77.063923038912307,38.954439184951546],[-77.063771823494164,38.954439267533672],[-77.063724727576755,38.954863015219765],[-77.063775920145076,38.954878796818591],[-77.063927997737778,38.954925664862373],[-77.064140886407287,38.955304625244921],[-77.064301845741468,38.955591134901006],[-77.064325685729855,38.95563409122758],[-77.064343874868314,38.955666871315749],[-77.06436873153902,38.955716120988086],[-77.064388415951896,38.955767656492284],[-77.064402721279976,38.955820936337368],[-77.064411497215104,38.955875400704308],[-77.064414651547281,38.955930477328131],[-77.064411801424953,38.955985025399457],[-77.064403223872489,38.956038970194165],[-77.064377623237206,38.956083954902894],[-77.064348038245981,38.956126425420202],[-77.064314714017058,38.956166029868349],[-77.064277926649154,38.956202440115653],[-77.064248551092675,38.956239038836607],[-77.0638879979969,38.956688280513177],[-77.063857584831055,38.956726167881278],[-77.064128788641241,38.957028129664643],[-77.064163313245388,38.956994834187661],[-77.064359163396773,38.956805958320338],[-77.064938907904008,38.956264096767732],[-77.065843358132668,38.955559603751894],[-77.065883870624376,38.9555280429798]]],[[[-77.063953951509035,38.957260638691793],[-77.063733227830852,38.957014878606351],[-77.06370130841178,38.957045866420579],[-77.063705174276905,38.957059701010721],[-77.063763834056033,38.957269957989361],[-77.063783082554295,38.957338905762519],[-77.063802319560395,38.957407862546169],[-77.063919530628539,38.957294060164131],[-77.063953951509035,38.957260638691793]]]]}},{"type":"Feature","properties":{"id":"DPR_0577","name":"Triangle Park RES 0577","address":"Kansas Ave.,3rd St.,Ingraham St.,NW","type":"TRIANGLE","ward":"4","water":0,"playground":0,"picnic":0,"benches":0,"pool":0,"garden":"N"},"geometry":{"type":"Polygon","coordinates":[[[-77.016417130793585,38.954492180804856],[-77.016097441452871,38.954497332952471],[-77.01611329010251,38.954891406464441],[-77.016113809801041,38.954892022355466],[-77.016114427913607,38.954892539409798],[-77.016115125923704,38.954892942138265],[-77.016115882921369,38.954893218476542],[-77.016116676229601,38.954893360146492],[-77.016117482083629,38.954893362904166],[-77.016118276342866,38.954893226666954],[-77.016119035214075,38.954892955516058],[-77.016119735964111,38.954892557574212],[-77.016120357600926,38.954892044762374],[-77.016120881502459,38.954891432442601],[-77.016417130793585,38.954492180804856]]]}},{"type":"Feature","properties":{"id":"DPR_0326","name":"Triangle Park RES 0326","address":"Wisconsin Ave.,42nd St.,Fessenden St.,NW","type":"TRIANGLE","ward":"3","water":0,"playground":0,"picnic":0,"benches":0,"pool":0,"garden":"N"},"geometry":{"type":"Polygon","coordinates":[[[-77.082438299511267,38.954635938597363],[-77.082084445118682,38.953942992014987],[-77.082083639767944,38.95463618814177],[-77.082438299511267,38.954635938597363]]]}},{"type":"Feature","properties":{"id":"DPR_0574","name":"Triangle Park RES 0574","address":"New Hampshire Ave., between Ingraham & 1st Sts., NW","type":"TRIANGLE","ward":"4","water":0,"playground":0,"picnic":0,"benches":0,"pool":0,"garden":"N"},"geometry":{"type":"Polygon","coordinates":[[[-77.011440123566189,38.953848565493949],[-77.01095238567099,38.954499901045843],[-77.01147037158897,38.954482879787371],[-77.011440123566189,38.953848565493949]]]}},{"type":"Feature","properties":{"id":"DPR_312H","name":"Triangle Park RES 312H","address":"Illinois Ave.,9th St.,Ingraham St.,NW","type":"TRIANGLE","ward":"4","water":0,"playground":0,"picnic":0,"benches":0,"pool":0,"garden":"N"},"geometry":{"type":"Polygon","coordinates":[[[-77.025731704345347,38.953715853534725],[-77.025748224781168,38.954066091423734],[-77.025947339005015,38.954061092850978],[-77.025731704345347,38.953715853534725]]]}},{"type":"Feature","properties":{"id":"DPR_0454","name":"Galen Tait Memorial Park","address":"Western Ave.,48th St.,Ellicott St.,NW","type":"TRIANGLE","ward":"3","water":0,"playground":0,"picnic":0,"benches":0,"pool":0,"garden":"N"},"geometry":{"type":"Polygon","coordinates":[[[-77.095016598958978,38.953397357741686],[-77.094445860694393,38.953397820206369],[-77.094446459031474,38.953849386514548],[-77.095016598958978,38.953397357741686]]]}},{"type":"Feature","properties":{"id":"DPR_312C","name":"Triangle Park RES 312C","address":"Illinois Ave.,9th St.,Gallatin St.,NW","type":"TRIANGLE","ward":"4","water":0,"playground":0,"picnic":0,"benches":0,"pool":0,"garden":"N"},"geometry":{"type":"Polygon","coordinates":[[[-77.025463908596024,38.951999836447207],[-77.024944536275086,38.952015983151767],[-77.025492261540379,38.95289173930324],[-77.025502529214577,38.952891646981058],[-77.025463908596024,38.951999836447207]]]}},{"type":"Feature","properties":{"id":"DPR_0515","name":"Murch Field","address":"Davenport and Reno Rd.","type":"PARK","ward":"3","water":0,"playground":0,"picnic":0,"benches":0,"pool":0,"garden":"N"},"geometry":{"type":"Polygon","coordinates":[[[-77.070878336937213,38.952324266517536],[-77.070999849944968,38.952808063235494],[-77.071435773981065,38.95262069582563],[-77.071407420980464,38.952513635799491],[-77.071383000208769,38.952405610951665],[-77.071362544304606,38.952296765658588],[-77.071346080607526,38.952187245393262],[-77.070878200970569,38.952187529994553],[-77.070878336937213,38.952324266517536]]]}},{"type":"Feature","properties":{"id":"DPR_0493","name":"Hamilton","address":"13th and 14th Sts., to Hamilton & Gallatin Sts., NW","type":"REC CENTER GROUNDS","ward":"4","water":0,"playground":1,"picnic":1,"benches":4,"pool":0,"garden":"N"},"geometry":{"type":"Polygon","coordinates":[[[-77.031983803288867,38.952422758315791],[-77.031864248750381,38.952422790963787],[-77.031744682675082,38.952422823492689],[-77.031625128136398,38.952422855896174],[-77.031505573597499,38.952422888177388],[-77.031386019058587,38.95242292033636],[-77.031266464519561,38.952422952373084],[-77.031192618277643,38.952422972100365],[-77.031069545053285,38.952423004874539],[-77.030946471828713,38.952423037519104],[-77.030823398604127,38.952423070034158],[-77.030700325379428,38.952423102419615],[-77.030577252154529,38.952423134675541],[-77.03043659704035,38.952423171380808],[-77.030313523815224,38.952423203359089],[-77.030278371700433,38.952450669683238],[-77.030278515574366,38.952789353651667],[-77.030436753390944,38.952789312560292],[-77.03057740922759,38.952789275854862],[-77.030700483084658,38.952789243598772],[-77.030823556941556,38.952789211213144],[-77.030946630798326,38.952789178697948],[-77.031069704655067,38.952789146053178],[-77.031192778511596,38.952789113278882],[-77.031266625132844,38.952789093551452],[-77.031386180285963,38.952789061514594],[-77.031505735438969,38.952789029355451],[-77.031625290591961,38.952788997074087],[-77.031744845744754,38.952788964670418],[-77.031864412434203,38.952788932141374],[-77.031983967586783,38.952788899493193],[-77.031983803288867,38.952422758315791]]]}},{"type":"Feature","properties":{"id":"DPR_0547","name":"Triangle Park RES 0547","address":"Kansas Ave., between Gallatin & 4th Sts., NW","type":"TRIANGLE","ward":"4","water":0,"playground":0,"picnic":0,"benches":0,"pool":0,"garden":"N"},"geometry":{"type":"Polygon","coordinates":[[[-77.018106999541772,38.952209694951939],[-77.017707822964979,38.952220448921025],[-77.017729935200791,38.952716504085167],[-77.018106999541772,38.952209694951939]]]}},{"type":"Feature","properties":{"id":"DPR_312E","name":"Triangle Park RES 312E","address":"Arkansas Ave.,Georgia Ave.,Farragut St.,NW","type":"TRIANGLE","ward":"4","water":0,"playground":0,"picnic":0,"benches":0,"pool":0,"garden":"N"},"geometry":{"type":"Polygon","coordinates":[[[-77.027443725872132,38.950884344265546],[-77.027501084819122,38.951302539937785],[-77.0278296314887,38.950886054687146],[-77.027443725872132,38.950884344265546]]]}},{"type":"Feature","properties":{"id":"DPR_0526","name":"Triangle Park RES 0526","address":"Kansas Ave.,5th St.,Farragut St.,NW","type":"TRIANGLE","ward":"4","water":0,"playground":0,"picnic":0,"benches":0,"pool":0,"garden":"N"},"geometry":{"type":"Polygon","coordinates":[[[-77.019545508117076,38.95071360337851],[-77.019542895648584,38.950710545746652],[-77.019539834329606,38.950707937599731],[-77.019536400532417,38.950705844004482],[-77.019532679921653,38.950704317190883],[-77.019528765317261,38.950703395249114],[-77.019524754378821,38.950703101179322],[-77.019520747169224,38.950703442317803],[-77.019516843658337,38.950704410154003],[-77.019513141228984,38.950705980542843],[-77.019509732247528,38.950708114307041],[-77.019332840814997,38.950949033976329],[-77.019331472451057,38.950952318308232],[-77.01933069299605,38.950955789864921],[-77.019330525962275,38.950959343926776],[-77.019330976388304,38.950962873285405],[-77.019332030687025,38.95096627147759],[-77.019333657055469,38.950969435996761],[-77.019335806434199,38.950972271385098],[-77.019338413987128,38.950974692113014],[-77.019341401057346,38.950976625159178],[-77.019344677539777,38.950978012213191],[-77.019348144599221,38.950978811434517],[-77.019351697651729,38.950978998714632],[-77.019355229519348,38.950978568404217],[-77.019546952048273,38.950972861289181],[-77.019549301321092,38.950972117785412],[-77.019551501307106,38.950971007856495],[-77.019553495283105,38.950969560120228],[-77.019555231837558,38.950967811904199],[-77.019556666196124,38.950965808283442],[-77.019557761376106,38.950963600918172],[-77.01955848914001,38.950961246721846],[-77.019558830723568,38.950958806393736],[-77.019552655834218,38.950822088839573],[-77.019550461635475,38.950767755208211],[-77.019545508117076,38.95071360337851]]]}},{"type":"Feature","properties":{"id":"DPR_0654","name":"Forest Hills Playground","address":"32nd & Chesapeake Sts., NW","type":"PARK","ward":"3","water":0,"playground":1,"picnic":0,"benches":0,"pool":0,"garden":"N"},"geometry":{"type":"Polygon","coordinates":[[[-77.064311236004485,38.949772091197069],[-77.06431035527072,38.950688332647339],[-77.064342823877311,38.950655740850955],[-77.065261616528531,38.950655654936071],[-77.065526157466138,38.950655624064858],[-77.06573860007525,38.950655603886432],[-77.065738613908451,38.950608058190433],[-77.065738743736006,38.950235962195222],[-77.065738904152141,38.949771945678592],[-77.065225460442633,38.949771999064701],[-77.064311236004485,38.949772091197069]]]}},{"type":"Feature","properties":{"id":"DPR_0031","name":"North Michigan Park","address":"13th and Emerson Sts., NE","type":"REC CENTER GROUNDS","ward":"5","water":0,"playground":0,"picnic":11,"benches":0,"pool":0,"garden":"N"},"geometry":{"type":"Polygon","coordinates":[[[-76.985245436000056,38.948983078195276],[-76.985366313576918,38.95015290824567],[-76.985467763850423,38.950152920898745],[-76.986708158992926,38.95015306848461],[-76.986694817227516,38.949380508149694],[-76.986694822351581,38.949353050920777],[-76.986694880422249,38.949041877991171],[-76.986694891362873,38.948983252119135],[-76.985245436000056,38.948983078195276]]]}},{"type":"Feature","properties":{"id":"DPR_312D","name":"Triangle Park RES 312D","address":"Arkansas Ave.,13th St.,Emerson St.,NW","type":"TRIANGLE","ward":"4","water":0,"playground":0,"picnic":0,"benches":0,"pool":0,"garden":"N"},"geometry":{"type":"Polygon","coordinates":[[[-77.029096860416118,38.949667827200166],[-77.029588304204367,38.949668965001734],[-77.029587585152754,38.949048375918871],[-77.029096860416118,38.949667827200166]]]}},{"type":"Feature","properties":{"id":"DPR_0054","name":"Wilson Aquatic Center","address":"3950 CHESAPEAKE STREET NW","type":"AQUATIC CENTER","ward":"3","water":0,"playground":0,"picnic":0,"benches":0,"pool":0,"garden":"N"},"geometry":{"type":"Polygon","coordinates":[[[-77.077579250874336,38.949382817798821],[-77.077660004428651,38.94938305244608],[-77.07765866719005,38.9494368778103],[-77.077711418027022,38.949443625991115],[-77.077742692384462,38.949443379990264],[-77.077742710473714,38.949449388501243],[-77.078215138413938,38.949447226675304],[-77.078217914278099,38.949411714176371],[-77.078229715020996,38.949411003634168],[-77.078229361815218,38.949162744661507],[-77.077830649691151,38.949163010793818],[-77.077616680681302,38.949166224876954],[-77.077616706389904,38.94918983556407],[-77.077578983202386,38.949189869612354],[-77.077579250874336,38.949382817798821]]]}},{"type":"Feature","properties":{"id":"DPR_0585","name":"Triangle Park RES 0585","address":"New Hampshire Ave.,3rd St.,Decatur St.,NW","type":"TRIANGLE","ward":"4","water":0,"playground":0,"picnic":0,"benches":0,"pool":0,"garden":"N"},"geometry":{"type":"Polygon","coordinates":[[[-77.015621372459833,38.948522840193434],[-77.015606208170794,38.94823232521621],[-77.015384769696354,38.948529627783437],[-77.015621372459833,38.948522840193434]]]}},{"type":"Feature","properties":{"id":"DPR_0350","name":"Triangle Park RES 0350","address":"Massachusetts Ave.,50th St.,Yuma St.,NW","type":"TRIANGLE","ward":"3","water":0,"playground":0,"picnic":0,"benches":0,"pool":0,"garden":"N"},"geometry":{"type":"Polygon","coordinates":[[[-77.098424165988703,38.946387897205256],[-77.097686020251004,38.946388516366348],[-77.098424915649176,38.946930853071947],[-77.098424165988703,38.946387897205256]]]}},{"type":"Feature","properties":{"id":"DPR_0413","name":"Triangle Park RES 0413","address":"New Hampshire Ave., between 4th & Buchanan Sts., NW","type":"TRIANGLE","ward":"4","water":0,"playground":0,"picnic":0,"benches":0,"pool":0,"garden":"N"},"geometry":{"type":"Polygon","coordinates":[[[-77.017222917855321,38.946074074310836],[-77.017026389948896,38.946336036947457],[-77.017236464955459,38.946330177799005],[-77.017222917855321,38.946074074310836]]]}},{"type":"Feature","properties":{"id":"DPR_0505","name":"Triangle Park RES 0505","address":"18th St. and Argyle Terr., NW","type":"SMALL PARK","ward":"4","water":0,"playground":0,"picnic":0,"benches":0,"pool":0,"garden":"N"},"geometry":{"type":"Polygon","coordinates":[[[-77.041751966731297,38.944275183691744],[-77.041712569004474,38.944247803556209],[-77.041678006581947,38.94422378177449],[-77.041358972402065,38.944221940293396],[-77.041359195556609,38.944606567038029],[-77.041751966731297,38.944275183691744]]]}},{"type":"Feature","properties":{"id":"DPR_0477","name":"Triangle Park RES 0477","address":"Wisconsin Ave.,39th St. ,Veazy St.,NW","type":"TRIANGLE","ward":"3","water":0,"playground":0,"picnic":0,"benches":0,"pool":0,"garden":"N"},"geometry":{"type":"Polygon","coordinates":[[[-77.077286559758122,38.943918441696312],[-77.077108839599106,38.943602413117318],[-77.07710918155783,38.943918558838838],[-77.077286559758122,38.943918441696312]]]}},{"type":"Feature","properties":{"id":"DPR_0696","name":"Bunker Hill Triangle Park","address":"Michigan Ave.,18th St.,Bunker Hill Rd.,NE","type":"TRIANGLE","ward":"5","water":0,"playground":0,"picnic":0,"benches":0,"pool":0,"garden":"N"},"geometry":{"type":"Polygon","coordinates":[[[-76.981649175737516,38.942360633603343],[-76.980432802426563,38.941740305642824],[-76.98051304617303,38.94277102054825],[-76.980553511343089,38.942771027286291],[-76.980641191900659,38.942710812954232],[-76.980732248653339,38.942655837380116],[-76.980826368974903,38.942606289312238],[-76.980923229720872,38.942562338864597],[-76.981022498338106,38.942524136932796],[-76.981123834006425,38.942491814675989],[-76.981226888808862,38.942465483066577],[-76.981331308926116,38.942445232509186],[-76.981436735851304,38.942431132530317],[-76.981542807620897,38.942423231539578],[-76.981649160057401,38.942421556663561],[-76.981649175737516,38.942360633603343]]]}},{"type":"Feature","properties":{"id":"DPR_0353","name":"Triangle Park RES 0353","address":"Massachusetts Ave.,47th St. ,Upton St.,NW","type":"TRIANGLE","ward":"3","water":0,"playground":0,"picnic":0,"benches":0,"pool":0,"garden":"N"},"geometry":{"type":"Polygon","coordinates":[[[-77.092509866363073,38.942270389264777],[-77.092055663235186,38.942270747846429],[-77.092561123267942,38.942639832872587],[-77.092560586436917,38.942315210418293],[-77.092559046667091,38.942307107554747],[-77.092556198302049,38.942299367134517],[-77.092552118542812,38.942292198951108],[-77.092546917965691,38.942285797288321],[-77.092540737525212,38.94228033565448],[-77.092533744733757,38.942275962079698],[-77.092526129121367,38.942272795103733],[-77.092518097098818,38.942270920563139],[-77.092509866363073,38.942270389264777]]]}},{"type":"Feature","properties":{"id":"DPR_0318","name":"Triangle Park RES 0318","address":"Georgia Ave.,9th St.,Upshur St.,NW","type":"TRIANGLE","ward":"4","water":0,"playground":0,"picnic":0,"benches":0,"pool":0,"garden":"N"},"geometry":{"type":"Polygon","coordinates":[[[-77.025329331575179,38.94173419867959],[-77.025136814523478,38.940985119723145],[-77.025120620188829,38.940986699655923],[-77.025161379813781,38.941791131320059],[-77.025274710721717,38.94179110686855],[-77.025283681627272,38.941790362410835],[-77.025292416387217,38.941788186328907],[-77.025300688059772,38.941784635160531],[-77.02530828173488,38.941779801170227],[-77.0253150001178,38.941773809952096],[-77.025320668655183,38.941766817166695],[-77.025325140070194,38.941759004496753],[-77.025328298188953,38.941750574926793],[-77.02533006095895,38.941741747469308],[-77.025329882028373,38.941737955125703],[-77.025329331575179,38.94173419867959]]]}},{"type":"Feature","properties":{"id":"DPR_0710","name":"Petworth","address":"Taylor St., between 8th and 9th Sts., NW","type":"REC CENTER GROUNDS","ward":"4","water":0,"playground":1,"picnic":0,"benches":6,"pool":0,"garden":"N"},"geometry":{"type":"Polygon","coordinates":[[[-77.024461698135511,38.940966841007175],[-77.02432110094739,38.940968987296216],[-77.024180492212992,38.940971124410225],[-77.024039883470181,38.940973261355154],[-77.023899274718929,38.940975398130895],[-77.023758665959164,38.940977534737549],[-77.023618068725881,38.940979671172684],[-77.023477459949262,38.940981807441048],[-77.023478488575279,38.941022984137703],[-77.023486355527623,38.941338687152346],[-77.023626953472942,38.941336550875768],[-77.023767562944641,38.941334414427715],[-77.023908172405001,38.941332268802277],[-77.024048781859833,38.941330132015935],[-77.024189379771343,38.941327995062856],[-77.024329989209392,38.941325857938295],[-77.024470598638942,38.941323720644569],[-77.024611208060051,38.941321583181683],[-77.024603336131577,38.941005889250086],[-77.024602306853026,38.940964703554883],[-77.024461698135511,38.940966841007175]]]}},{"type":"Feature","properties":{"id":"DPR_0040","name":"Twin Oaks Garden","address":"14th and Taylor Sts., NW","type":"PARK","ward":"4","water":0,"playground":0,"picnic":0,"benches":0,"pool":0,"garden":"Y"},"geometry":{"type":"MultiPolygon","coordinates":[[[[-77.032184319371197,38.940689135750297],[-77.032531815968795,38.940689039549603],[-77.032530847143931,38.940411197032589],[-77.032239501161897,38.940381793612083],[-77.032184319371197,38.940689135750297]]],[[[-77.032097519364243,38.941148447413404],[-77.032530364542495,38.941148327749048],[-77.032530266400599,38.940933254796832],[-77.032136537080419,38.940933363713114],[-77.032097519364243,38.941148447413404]]]]}},{"type":"Feature","properties":{"id":"DPR_0319","name":"Triangle Park RES 0319","address":"New Hampshire Ave.,7th St.,Taylor St.,NW","type":"TRIANGLE","ward":"4","water":0,"playground":0,"picnic":0,"benches":0,"pool":0,"garden":"N"},"geometry":{"type":"Polygon","coordinates":[[[-77.021451909559659,38.940403558086338],[-77.021115183147259,38.940855295200272],[-77.021473370695759,38.940846491898995],[-77.021451909559659,38.940403558086338]]]}},{"type":"Feature","properties":{"id":"DPR_0527","name":"Hearst","address":"3950 37TH STREET NW","type":"REC CENTER GROUNDS","ward":"3","water":0,"playground":0,"picnic":3,"benches":2,"pool":0,"garden":"N"},"geometry":{"type":"Polygon","coordinates":[[[-77.072309901348703,38.938259922091845],[-77.0721692742123,38.938260009005724],[-77.07202864707557,38.938260095750408],[-77.071888019938498,38.938260182325919],[-77.071607400054233,38.938260354580727],[-77.071532058217429,38.93835308710446],[-77.071456716184656,38.938445819577986],[-77.071381362430429,38.938538561016649],[-77.071187199770165,38.938777543476427],[-77.071231733327579,38.938799604693003],[-77.071078481851231,38.938980224282631],[-77.071079406035494,38.939907186515697],[-77.071079413158301,38.940573773381232],[-77.071073286646524,38.940676345555865],[-77.071061444732237,38.940773236968823],[-77.071041296877056,38.940880853297962],[-77.071012076226523,38.940993663911307],[-77.070980991746822,38.941088233850529],[-77.070943137464226,38.941184051033318],[-77.071458219690427,38.941142677475064],[-77.071751620049767,38.941131093240202],[-77.071982060195822,38.941128041879409],[-77.072312821790035,38.941127837722966],[-77.072310106029178,38.938461725884004],[-77.072309901348703,38.938259922091845]]]}},{"type":"Feature","properties":{"id":"DPR_322B","name":"Triangle Park RES 322B","address":"Michigan Ave, 12th and Shepherd Streets, NE\n","type":"TRIANGLE","ward":"5","water":0,"playground":0,"picnic":0,"benches":0,"pool":0,"garden":"N"},"geometry":{"type":"Polygon","coordinates":[[[-76.990131389270502,38.939035408385273],[-76.989488200716494,38.939592416266521],[-76.990131312177766,38.939592472320491],[-76.990131389270502,38.939035408385273]]]}},{"type":"Feature","properties":{"id":"DPR_0322","name":"Triangle Park RES 0322","address":"New Hampshire Ave.,8th St.,Randolph St.,NW","type":"TRIANGLE","ward":"4","water":0,"playground":0,"picnic":0,"benches":0,"pool":0,"garden":"N"},"geometry":{"type":"Polygon","coordinates":[[[-77.023073147660213,38.938221521302118],[-77.022747534317276,38.938661829588547],[-77.023092999904904,38.938653699415944],[-77.023073147660213,38.938221521302118]]]}},{"type":"Feature","properties":{"id":"DPR_0582","name":"Triangle Park RES 0582","address":"South Dakota Ave., between Randolph & 19th Sts., NW","type":"TRIANGLE","ward":"5","water":0,"playground":0,"picnic":0,"benches":0,"pool":0,"garden":"N"},"geometry":{"type":"Polygon","coordinates":[[[-76.978456245811842,38.93799139075454],[-76.978448151815257,38.93798719547415],[-76.978439486254729,38.937984363298511],[-76.978430476916031,38.937982968675144],[-76.978421360621624,38.937983048263568],[-76.978412377005412,38.937984599971699],[-76.97840376221373,38.93798758301083],[-76.978395742697828,38.937991918967803],[-76.978388529261352,38.93799749386622],[-76.978382311519084,38.938004161162461],[-76.978377252912637,38.938011745597777],[-76.978373486414228,38.938020047805182],[-76.978371111031265,38.938028849550122],[-76.978369891984471,38.93824513853599],[-76.978371162497098,38.93825020533118],[-76.978373228447339,38.93825500308747],[-76.978376036449774,38.938259407827886],[-76.978379513943892,38.938263305731233],[-76.978383571069116,38.938266596073284],[-76.978388102986813,38.938269193829576],[-76.978392992589463,38.938271031872489],[-76.978398113526723,38.93827206270587],[-76.978403333470411,38.938272259692347],[-76.978638289181518,38.938271221867936],[-76.97864516109594,38.938272353857023],[-76.978652125522714,38.938272316884046],[-76.978658985031046,38.938271111997132],[-76.978665545164489,38.938268773352981],[-76.978671619953346,38.938265367248526],[-76.978677037186728,38.938260990241602],[-76.978681643294408,38.938255766413583],[-76.97868530770036,38.938249843851956],[-76.978687926524316,38.938243390452214],[-76.978689425526639,38.938236589158279],[-76.978689762212937,38.938229632776348],[-76.978688927038661,38.938222718509138],[-76.978686943679733,38.938216042365447],[-76.978683868361315,38.938209793603669],[-76.978456245811842,38.93799139075454]]]}},{"type":"Feature","properties":{"id":"DPR_0543","name":"Spring Valley Park","address":"49th St. and Fordham Rd., south of Quebec St., NW","type":"PARK","ward":"3","water":0,"playground":0,"picnic":0,"benches":0,"pool":0,"garden":"N"},"geometry":{"type":"Polygon","coordinates":[[[-77.100538031986119,38.937067682665081],[-77.100504352305109,38.93710304853569],[-77.100466691736727,38.937134141095981],[-77.10042558886191,38.937160515693584],[-77.100381631489796,38.937181795147367],[-77.100335448251457,38.937197675141455],[-77.100287699609893,38.937207928577251],[-77.100239068414851,38.937212408821146],[-77.100190250137388,38.937211051801498],[-77.100141942924026,38.937203876924947],[-77.100036516699703,38.937184959682376],[-77.099796671686647,38.937141933861874],[-77.09955143913939,38.937097939241042],[-77.099443187100363,38.937084195977199],[-77.099334286305819,38.937077267903675],[-77.099225165391587,38.937077182289492],[-77.099123120209967,38.937083277809421],[-77.099021612089103,38.937095380530302],[-77.099020089889279,38.937095607027473],[-77.098975923947307,38.93710284207009],[-77.098974344151259,38.93710312266527],[-77.098971080788985,38.937103710968294],[-77.098969466415355,38.937104009609286],[-77.098968013470298,38.937104272080369],[-77.098962928168888,38.937105195233094],[-77.098961359919443,38.937105484826645],[-77.098959687887358,38.937105792524605],[-77.098958085060346,38.937106100164002],[-77.098954844803657,38.937106715471941],[-77.098953311169183,38.937107014044351],[-77.09895321892067,38.937107032139046],[-77.098951673752069,38.937107330721211],[-77.098946738432147,38.937108280771177],[-77.098945112549188,38.937108597438176],[-77.098933800622746,38.937110850081183],[-77.09893058352155,38.937111528426982],[-77.098928969185081,38.937111854092308],[-77.098927354861075,38.937112188765894],[-77.098925740537069,38.937112523439446],[-77.098924195393252,38.937112840037877],[-77.0989225118891,38.937113192786477],[-77.098920909111669,38.937113536458547],[-77.098919294800197,38.937113880140288],[-77.098917692022738,38.937114223812252],[-77.098916077711138,38.937114567493985],[-77.098914474946241,38.93711492017421],[-77.098836973452251,38.937133574370996],[-77.098760482611851,38.937156015671448],[-77.098685187361738,38.93718218981784],[-77.098669393859993,38.937188238714761],[-77.098653496871819,38.937194521912822],[-77.098552694577947,38.937232784140669],[-77.098427687392999,38.937275075361825],[-77.098425796589964,38.937275662493768],[-77.098350566713322,38.937298111453657],[-77.098217762894606,38.937332571785788],[-77.098215941082742,38.937333005715239],[-77.098158864293254,38.937345854461398],[-77.09815698475991,38.937346252405163],[-77.098156673434971,38.937346324733035],[-77.098154597881788,38.9373467678829],[-77.098112763519637,38.93735538791951],[-77.098110791712031,38.937355785939985],[-77.098108370181009,38.937356265412639],[-77.098106490622314,38.937356645339008],[-77.09809735794245,38.937358418631646],[-77.098095155487258,38.937358843870349],[-77.098088536587213,38.937360119595894],[-77.098086564742161,38.937360490591068],[-77.098066454188242,38.937364245911645],[-77.098064528455112,38.937364598851175],[-77.098059823666276,38.937365458587188],[-77.098058070896911,38.937365775348276],[-77.098050967570316,38.937367060486402],[-77.098049030277934,38.937367395418747],[-77.098048753530762,38.937367449700723],[-77.098046966158606,38.937367766490645],[-77.098046539491179,38.937367838915002],[-77.098044463825218,38.937368200988253],[-77.098044325451582,38.93736822812923],[-77.098042365103169,38.937368572089113],[-77.098042111412028,38.937368617343438],[-77.098040254834387,38.93736893419134],[-77.098039885825727,38.93736899755897],[-77.09803769485454,38.937369386753772],[-77.098035619188479,38.93736974882686],[-77.09803545774642,38.9373697759872],[-77.098033555044182,38.937370101881982],[-77.098030280115367,38.937370681160111],[-77.098026590016033,38.937371305827874],[-77.098024410554117,38.937371676996122],[-77.098022300272845,38.937372030089726],[-77.098022150352563,38.937372048232078],[-77.098020166923035,38.937372383202664],[-77.098019924753757,38.937372419438958],[-77.098018079697766,38.93737272726851],[-77.09801548509023,38.937373161842864],[-77.098013305615808,38.937373524002638],[-77.098011080004511,38.937373886201073],[-77.09800881981522,38.937374266445019],[-77.098006986281021,38.937374565256448],[-77.097999928916209,38.937375724236666],[-77.097997876268664,38.937376050256617],[-77.097997714826562,38.937376077416886],[-77.097995835155331,38.937376376266812],[-77.097995489202646,38.937376430606697],[-77.097993309703341,38.937376774749509],[-77.097991291646025,38.937377091731996],[-77.097991037942464,38.937377127977911],[-77.097989204395731,38.937377417780795],[-77.097986586694574,38.937377834357271],[-77.09798468395482,38.937378133226389],[-77.097970984171113,38.93738024364491],[-77.09796881618098,38.937380569760997],[-77.097964295690147,38.937381249172603],[-77.097962531311524,38.937381511892184],[-77.097959832845589,38.937381910519157],[-77.097958033864245,38.937382173267636],[-77.097830677469886,38.937398324945725],[-77.097702772050468,38.937409312737778],[-77.097700511549775,38.937409467768468],[-77.097597650285763,38.93741449832293],[-77.097494680553737,38.93741622470673],[-77.097447124420398,38.937415922048977],[-77.097395392831658,38.937415577809737],[-77.097383846948219,38.937415506355244],[-77.097131729036079,38.937413860430077],[-77.097120183140916,38.937413779941274],[-77.096868065240884,38.937412133447388],[-77.09685651935861,38.937412061940776],[-77.096750172621199,38.937411366295208],[-77.096711533074483,38.937406488859381],[-77.096673885162488,38.937396516965293],[-77.096637897472547,38.937381627703303],[-77.096604209108222,38.937362085491053],[-77.096750246255752,38.937780112099169],[-77.096771915668938,38.937853971248153],[-77.096801099951236,38.937943147974849],[-77.09683328840687,38.938031284881092],[-77.096830976453262,38.93800450677859],[-77.096833268755489,38.937977726986709],[-77.096840098045945,38.937951731358325],[-77.09685126391912,38.937927282735075],[-77.096866438712524,38.9379050985617],[-77.096885177121877,38.937885829832688],[-77.096906929268656,38.93787004198883],[-77.096931056836169,38.937858198324335],[-77.096956851801053,38.937850646391496],[-77.096983557210152,38.937847607801757],[-77.097010389393347,38.937849171722512],[-77.097036560960305,38.937855292260529],[-77.097116690606654,38.937855811249577],[-77.097208153014975,38.937852312064678],[-77.097280528456906,38.937850531264601],[-77.097298601550804,38.937849660432576],[-77.097316328283085,38.937848546661996],[-77.097333997134243,38.937847279795733],[-77.097443624633868,38.937840176401444],[-77.097552671456157,38.937826855837116],[-77.097554401244437,38.937826593152586],[-77.097638976854384,38.937809293938749],[-77.097722648271201,38.93778804798373],[-77.09780523142588,38.937762902026591],[-77.097806857019961,38.937762360168151],[-77.09787937249763,38.937736634811642],[-77.097997468289535,38.937691809635062],[-77.098187189020763,38.93761979118463],[-77.098446470720063,38.937521373579138],[-77.098667800859502,38.937437346674578],[-77.098828307844101,38.937376423041002],[-77.098859725922537,38.937367235027359],[-77.098889184910746,38.937359300816958],[-77.098892148158015,38.937358541612397],[-77.098949004923185,38.937345228125047],[-77.099006349498353,38.937334203589174],[-77.099036873797218,38.937329286220759],[-77.099045776403713,38.937327972473113],[-77.099054690619212,38.937326712764786],[-77.099146175149329,38.937314672713768],[-77.09923820892989,38.937308027014893],[-77.099247458860816,38.937307649820561],[-77.099256720413678,38.937307335673751],[-77.099273444080282,38.937306636839814],[-77.099356782309229,38.937306790646083],[-77.099439888296743,38.937313009882367],[-77.099522321181766,38.937325261556829],[-77.099618915272401,38.937338088169184],[-77.099991217576786,38.937387523125842],[-77.100016876195184,38.937392122432328],[-77.100043140616918,38.937396498935193],[-77.100068406168731,38.937404902834189],[-77.100092059268263,38.937417130037822],[-77.100113525492119,38.937432883604394],[-77.100132283525909,38.937451780953282],[-77.100147877824526,38.937473363156066],[-77.100159929675229,38.937497106081771],[-77.100168146394807,38.937522433125537],[-77.100169091402734,38.93754218820736],[-77.100166975562374,38.937561852375723],[-77.10016184959602,38.937580954228167],[-77.100153836386752,38.937599035842446],[-77.100143128032514,38.937615663754137],[-77.100129981241054,38.937630439347942],[-77.10019519566373,38.937561101651255],[-77.100257744212414,38.937489349883585],[-77.100538031986119,38.937067682665081]]]}},{"type":"Feature","properties":{"id":"DPR_0321","name":"Triangle Park RES 0321","address":"Rock Creek Church Rd.,5th St.,Quincy St.,NW","type":"TRIANGLE","ward":"4","water":0,"playground":0,"picnic":0,"benches":0,"pool":0,"garden":"N"},"geometry":{"type":"Polygon","coordinates":[[[-77.018889094383425,38.937507527065641],[-77.018070113826198,38.937727341919562],[-77.018897276884886,38.937699348437825],[-77.018889094383425,38.937507527065641]]]}},{"type":"Feature","properties":{"id":"DPR_323E","name":"Triangle Park RES 323E","address":"Kansas Ave.,13th St.,Quincy St.,NW","type":"TRIANGLE","ward":"4","water":0,"playground":0,"picnic":0,"benches":0,"pool":0,"garden":"N"},"geometry":{"type":"Polygon","coordinates":[[[-77.029594219160217,38.93754687097006],[-77.029594050290029,38.937140065256294],[-77.029292229017273,38.937546947045647],[-77.029594219160217,38.93754687097006]]]}},{"type":"Feature","properties":{"id":"DPR_0476","name":"Dwight A. Moseley","address":"18th and Perry Sts., NE","type":"FIELD","ward":"5","water":0,"playground":1,"picnic":2,"benches":4,"pool":0,"garden":"Y"},"geometry":{"type":"Polygon","coordinates":[[[-76.978566330511939,38.935225430604227],[-76.976441361164547,38.935225021652663],[-76.976445038404066,38.935266208350576],[-76.976452967428642,38.935355130896205],[-76.976499737654905,38.935879432457178],[-76.977202484631178,38.936553554639339],[-76.977647740244763,38.936980652034826],[-76.978403039689042,38.936500354386183],[-76.97867946075327,38.936324572122174],[-76.97876081334752,38.936281042961824],[-76.978845067786509,38.936243436819986],[-76.978931793517631,38.936211945869609],[-76.979020547359582,38.936186731034077],[-76.979110875767162,38.936167921164923],[-76.979202317148875,38.936155612383352],[-76.979294404225769,38.936149867589059],[-76.979222458934302,38.935225549070545],[-76.978566330511939,38.935225430604227]]]}},{"type":"Feature","properties":{"id":"DPR_0533","name":"Triangle Park RES 0533","address":"34th St., between Ordway St. & Reno Rd., NW","type":"TRIANGLE","ward":"3","water":0,"playground":0,"picnic":0,"benches":0,"pool":0,"garden":"N"},"geometry":{"type":"Polygon","coordinates":[[[-77.066297150146909,38.936371095496796],[-77.066028856074851,38.93637124737095],[-77.066104778270301,38.93646743969159],[-77.066175622863028,38.936567430621146],[-77.066241200152106,38.936670952413394],[-77.066301334540896,38.936777727867486],[-77.066297150146909,38.936371095496796]]]}},{"type":"Feature","properties":{"id":"DPR_0638","name":"Center Parking","address":"Glenbrook Rd. & Rockwood Pkwy., NW","type":"MEDIAN","ward":"3","water":0,"playground":0,"picnic":0,"benches":0,"pool":0,"garden":"N"},"geometry":{"type":"Polygon","coordinates":[[[-77.099292394575016,38.934970938279413],[-77.09935502652236,38.935083621277784],[-77.099422348657271,38.935193566487321],[-77.099494241513511,38.935300578805169],[-77.099570577513887,38.935404468333019],[-77.099651221196623,38.935505050714106],[-77.099691750287207,38.935544950937704],[-77.099727989177126,38.935588784462375],[-77.099759558332565,38.935636092214928],[-77.099765818252905,38.935645590181444],[-77.099773623423133,38.935653865281942],[-77.099782739612166,38.93566066918288],[-77.099792893245635,38.935665797700999],[-77.099803779615684,38.935669096930845],[-77.099880679360922,38.935654608942684],[-77.099887274816794,38.935650178001069],[-77.099893029299039,38.935644699021594],[-77.099897778228694,38.935638328703789],[-77.09990138578577,38.935631249239563],[-77.099903748793665,38.935623663102497],[-77.099904799670057,38.935615787257106],[-77.099904508359742,38.93560784695358],[-77.099902883194218,38.93560006928562],[-77.099899970653453,38.935592676695542],[-77.099895854036461,38.935585880612372],[-77.099862081267915,38.935509146251931],[-77.099822925869645,38.935435013824787],[-77.099778586955225,38.935363860310211],[-77.099729289997541,38.935296047539062],[-77.099675285682181,38.9352319203538],[-77.099616848632635,38.935171804854896],[-77.099554276013833,38.935116006742525],[-77.099487886020924,38.935064809762054],[-77.099321788997869,38.934942239861428],[-77.099318451051687,38.934940691641529],[-77.099314896871135,38.934939739449291],[-77.099311231989589,38.934939411557899],[-77.099307565227463,38.934939717703358],[-77.099304005461008,38.934940648795362],[-77.099300658389481,38.934942177187239],[-77.099297623396637,38.934944257496817],[-77.099294990599759,38.934946827954001],[-77.099292838173824,38.934949812234841],[-77.099291230030275,38.93495312172783],[-77.099290213919318,38.934956658165028],[-77.099289820012089,38.934960316539886],[-77.099290060004762,38.934963988225199],[-77.099290926771303,38.934967564198537],[-77.099292394575016,38.934970938279413]]]}},{"type":"Feature","properties":{"id":"DPR_0375","name":"Triangle Park RES 0375","address":"South Dakota Ave., between 20th & Otis Sts., NE","type":"TRIANGLE","ward":"5","water":0,"playground":0,"picnic":0,"benches":0,"pool":0,"garden":"N"},"geometry":{"type":"Polygon","coordinates":[[[-76.976130716795197,38.935162332916015],[-76.975741793991475,38.935163333847704],[-76.976130593182717,38.935531601200481],[-76.976130716795197,38.935162332916015]]]}},{"type":"Feature","properties":{"id":"DPR_0613","name":"Park View","address":"Warder St, between Otis and Princeton Pls, NW","type":"REC CENTER GROUNDS","ward":"1","water":0,"playground":1,"picnic":3,"benches":4,"pool":1,"garden":"N"},"geometry":{"type":"Polygon","coordinates":[[[-77.021169059447942,38.934980686468215],[-77.021250269094253,38.935521737370664],[-77.02234473516485,38.935371572046613],[-77.022301622475993,38.93508007162788],[-77.022262613335059,38.934816397042759],[-77.021169059447942,38.934980686468215]]]}},{"type":"Feature","properties":{"id":"DPR_0036","name":"Macomb","address":"Macomb St., between 34th and 35th Sts., NW","type":"REC CENTER GROUNDS","ward":"3","water":0,"playground":1,"picnic":3,"benches":5,"pool":0,"garden":"N"},"geometry":{"type":"Polygon","coordinates":[[[-77.067422982695263,38.933605244276727],[-77.067247210243139,38.933605345543448],[-77.067071437790531,38.933605446545798],[-77.066895665337427,38.933605547283832],[-77.066896011069659,38.933974031868516],[-77.066896152161206,38.934124407442894],[-77.067071940647295,38.934139990156503],[-77.067224556041239,38.934153532042814],[-77.067247729218735,38.934155581613993],[-77.067400344670915,38.934169114262424],[-77.067423517867056,38.934171172807062],[-77.06757613338597,38.934184705225917],[-77.067751922177806,38.934200295924981],[-77.067839816602643,38.934208091175336],[-77.067927711046607,38.934215886359567],[-77.067903171108881,38.934147257327396],[-77.06780302281372,38.933867247225102],[-77.067709258811803,38.933605078780374],[-77.067422982695263,38.933605244276727]]]}},{"type":"Feature","properties":{"id":"DPR_310B","name":"Triangle Park RES 310B","address":"Ogden St.,14th St.,Oak St.,NW","type":"TRIANGLE","ward":"1","water":0,"playground":0,"picnic":0,"benches":0,"pool":0,"garden":"N"},"geometry":{"type":"Polygon","coordinates":[[[-77.032890643738583,38.933847361369523],[-77.032887535369809,38.933846174082241],[-77.032884272377629,38.93384552255359],[-77.032880946403083,38.933845425081721],[-77.032877650856022,38.933845884404143],[-77.032874478291774,38.933846887620788],[-77.032871517811699,38.933848406556365],[-77.032868852560782,38.933850398551613],[-77.032866557392495,38.93385280766141],[-77.032864696766552,38.933855566226008],[-77.032865483756282,38.93406158592871],[-77.032865978696321,38.934064631761117],[-77.032866946027724,38.934067562005254],[-77.032868361723374,38.934070303878073],[-77.03287019061942,38.934072789275412],[-77.032872387288734,38.934074956463604],[-77.032874897169208,38.934076751612807],[-77.032877657919059,38.934078130134118],[-77.032880600965228,38.934079057787052],[-77.033078639686664,38.934089811869015],[-77.033081096447546,38.934089771745782],[-77.033083521218515,38.93408937454349],[-77.033085862378172,38.93408862871825],[-77.033088070085185,38.934087550148071],[-77.033090097339283,38.934086161794816],[-77.033091900981873,38.934084493215394],[-77.033093115678412,38.934082239446219],[-77.033093938355549,38.934079814953385],[-77.033094346067855,38.934077287358903],[-77.03309432744372,38.934074727160414],[-77.033093883002607,38.934072205764913],[-77.033093025140516,38.934069793497144],[-77.033091777784236,38.934067557638137],[-77.032890643738583,38.933847361369523]]]}},{"type":"Feature","properties":{"id":"DPR_0039","name":"Monroe Park","address":"11th and Monroe Sts., NW","type":"PARK","ward":"1","water":0,"playground":1,"picnic":0,"benches":0,"pool":0,"garden":"N"},"geometry":{"type":"Polygon","coordinates":[[[-77.028907892231516,38.932731096200015],[-77.028589508106506,38.93284067048284],[-77.028589514120995,38.932855669311309],[-77.028589570581303,38.93299646912218],[-77.028907999798491,38.932996390792134],[-77.029081729353607,38.932996347690803],[-77.029116895401586,38.932968872609756],[-77.029116775060515,38.932674201931803],[-77.02911676893514,38.932659203102858],[-77.028907892231516,38.932731096200015]]]}},{"type":"Feature","properties":{"id":"DPR_310A","name":"Triangle Park RES 310A","address":"Park Rd.,Mt. Pleasant St.,Park Rd.,NW","type":"TRIANGLE","ward":"1","water":0,"playground":0,"picnic":0,"benches":0,"pool":0,"garden":"N"},"geometry":{"type":"Polygon","coordinates":[[[-77.039846143021364,38.9325975285713],[-77.039454486599638,38.932675547268332],[-77.039439725373398,38.932678488958686],[-77.039435941331192,38.932678752819022],[-77.039432258739481,38.932679662278147],[-77.039428786906896,38.932681190341029],[-77.039425628886235,38.932683291650889],[-77.039422878415536,38.932685903835527],[-77.039420617135733,38.932688949358685],[-77.039418912167349,38.932692337821528],[-77.039417814118153,38.932695968645902],[-77.039417355581037,38.932699734059739],[-77.039417550166519,38.932703522296016],[-77.039418392098838,38.932707220910302],[-77.039419856387298,38.932710720118351],[-77.039421899568097,38.932713916054809],[-77.039424460994482,38.93271671385618],[-77.039427464636816,38.932719030476648],[-77.039846250180048,38.932789270347889],[-77.039846222631382,38.932739976902404],[-77.039846143021364,38.9325975285713]]]}},{"type":"Feature","properties":{"id":"DPR_323A","name":"Triangle Park RES 323A","address":"New Hampshire Ave.,Sherman Ave.,Park Place,NW","type":"TRIANGLE","ward":"1","water":0,"playground":0,"picnic":0,"benches":0,"pool":0,"garden":"N"},"geometry":{"type":"Polygon","coordinates":[[[-77.027353735219833,38.932199187453243],[-77.026935472482151,38.932341435689032],[-77.026928972105182,38.932344202739351],[-77.026923034172128,38.932348030587228],[-77.02691783019327,38.932352808669734],[-77.026913510479503,38.93235839897752],[-77.026910199800682,38.932364640041058],[-77.026907993781947,38.932371351594504],[-77.026906956141559,38.932378339782446],[-77.026907116850552,38.932385402759216],[-77.026948149499887,38.932620780361432],[-77.026950069919863,38.932623914990565],[-77.026952485487641,38.932626686081505],[-77.026955328756486,38.932629016260677],[-77.026958520337487,38.932630840465535],[-77.026961971116307,38.932632107761179],[-77.026965584741333,38.932632782762568],[-77.026969260314019,38.932632846622511],[-77.027018045734849,38.93262977253017],[-77.027020954859552,38.932629404367219],[-77.027023769335131,38.932628581398347],[-77.027026418523704,38.932627324278471],[-77.027028835935809,38.932625664558849],[-77.027030960899111,38.932623643895219],[-77.027207793631206,38.93238596372796],[-77.02724479666692,38.932335508588125],[-77.027353735219833,38.932199187453243]]]}},{"type":"Feature","properties":{"id":"DPR_0400","name":"Carolina Park","address":"Manning Place and Macomb Streets, south of Sherier","type":"PARK","ward":"3","water":0,"playground":1,"picnic":0,"benches":0,"pool":0,"garden":"N"},"geometry":{"type":"MultiPolygon","coordinates":[[[[-77.109704994437536,38.930597677830065],[-77.109737855823241,38.930629887742739],[-77.110077432888929,38.930962713939081],[-77.110036195143138,38.930988381429508],[-77.110069056858606,38.931020591246693],[-77.110233377414033,38.931181640180213],[-77.110288151097478,38.931235323105632],[-77.110342924849434,38.931288996996507],[-77.110397687164621,38.931342679880387],[-77.110452461095477,38.931396362727192],[-77.110507235108798,38.931450045547756],[-77.110572959420409,38.931514464902222],[-77.110814475253008,38.9313641306073],[-77.110718773629074,38.931209116138874],[-77.110642427697996,38.931085459228434],[-77.110527915057432,38.930899969254291],[-77.110489748149419,38.930838136230108],[-77.110433576999711,38.930783094460104],[-77.110265064015124,38.930617932951385],[-77.110067744611428,38.930424539239404],[-77.110034883171352,38.930392329418218],[-77.109704994437536,38.930597677830065]]],[[[-77.110706481952363,38.931738294209154],[-77.110819879778944,38.931888040047639],[-77.110841155414761,38.93187842601774],[-77.110996250660861,38.931808311249796],[-77.111019036049001,38.931798011121643],[-77.111129562962745,38.93174805406845],[-77.111098185390745,38.93170661862834],[-77.111005786463593,38.931584607729228],[-77.110989225179694,38.931562733253223],[-77.110706481952363,38.931738294209154]]]]}},{"type":"Feature","properties":{"id":"DPR_0309","name":"Triangle Park RES 0309","address":"Mt. Pleasant St.,17th St.,Lamont St.,NW","type":"TRIANGLE","ward":"1","water":0,"playground":0,"picnic":0,"benches":0,"pool":0,"garden":"N"},"geometry":{"type":"Polygon","coordinates":[[[-77.038528512487275,38.931336131615886],[-77.038527183551892,38.931335490284312],[-77.038525765560522,38.931335082024717],[-77.038524299055069,38.931334918509677],[-77.038522825964492,38.931335004414265],[-77.038521388406053,38.931335337282384],[-77.038520027481113,38.931335907596967],[-77.03851878209997,38.93133669905211],[-77.038517687869415,38.931337689019244],[-77.038516776074701,38.931338849194155],[-77.038516072785001,38.931340146406178],[-77.038515598108134,38.931341543566624],[-77.038515365615638,38.931343000729164],[-77.03851538195471,38.931344476231949],[-77.038515646658198,38.931345927888756],[-77.03852527880386,38.931370733597412],[-77.038669045886607,38.931741269925411],[-77.038676960681769,38.931747076380198],[-77.038685734735068,38.931751478071718],[-77.038695121131454,38.931754351129754],[-77.038704855723608,38.931755614702141],[-77.038714664565461,38.931755233230035],[-77.038724271621462,38.931753217448652],[-77.038733406534604,38.931749624085093],[-77.038741812234676,38.931744554262032],[-77.038749252172636,38.93173815065191],[-77.03875551697746,38.931730593461943],[-77.038759030612169,38.931426156501281],[-77.038528512487275,38.931336131615886]]]}},{"type":"Feature","properties":{"id":"DPR_0579","name":"16th Street Playground","address":"16th and Lamont Sts., NW","type":"PARK","ward":"1","water":0,"playground":1,"picnic":0,"benches":0,"pool":0,"garden":"N"},"geometry":{"type":"Polygon","coordinates":[[[-77.034824751996851,38.929747579401386],[-77.034840360639862,38.929898373885493],[-77.034862794572376,38.930115134190125],[-77.034867418132393,38.930159850066971],[-77.034869109939109,38.93017616361346],[-77.034876294409017,38.930245597530458],[-77.034883478892993,38.930315031446135],[-77.034890674937245,38.930384492381933],[-77.034893429224567,38.930403715294531],[-77.035341233044932,38.93058211644032],[-77.035404112391248,38.930606681087319],[-77.035582103165368,38.930675522587812],[-77.035557199661028,38.930714914499383],[-77.035574468195321,38.930721710518306],[-77.035770709080339,38.930798878860223],[-77.035967491913524,38.93087498372433],[-77.036163594580259,38.930950836233876],[-77.036182355609938,38.930921238129379],[-77.036182102489818,38.930422448070814],[-77.03618854121801,38.929747165051644],[-77.034824751996851,38.929747579401386]]]}},{"type":"Feature","properties":{"id":"DPR_0003","name":"Columbia Heights Civic Plaza","address":"14TH STREET NW AND PARK ROAD NW","type":"SMALL PARK","ward":"1","water":0,"playground":0,"picnic":0,"benches":0,"pool":0,"garden":"N"},"geometry":{"type":"Polygon","coordinates":[[[-77.032264574736104,38.930002456744212],[-77.03226474368121,38.930375797134346],[-77.032597432755338,38.930260758767176],[-77.032597402929085,38.930195520588398],[-77.032264574736104,38.930002456744212]]]}},{"type":"Feature","properties":{"id":"DPR_0025","name":"Bruce Monroe Community Park","address":"Irving & Georgia Avenue, NW","type":"PARK","ward":"1","water":0,"playground":1,"picnic":0,"benches":0,"pool":0,"garden":"N"},"geometry":{"type":"Polygon","coordinates":[[[-77.023250294514526,38.928183297172737],[-77.023279423872125,38.928387960264288],[-77.023312879507472,38.928384980851384],[-77.023322497101745,38.928453207899764],[-77.023289133697162,38.92845618729698],[-77.023366812957235,38.929001976473053],[-77.024698693090414,38.928883171191359],[-77.024638857570437,38.928473963177524],[-77.02482047045045,38.92845776383087],[-77.024760634591743,38.928048564855047],[-77.023250294514526,38.928183297172737]]]}},{"type":"Feature","properties":{"id":"DPR_0331","name":"Hobart Twins Park","address":"Hobart Pl. and Harvard St., west of Georgia Ave., NW","type":"PARK","ward":"1","water":0,"playground":0,"picnic":0,"benches":0,"pool":0,"garden":"N"},"geometry":{"type":"MultiPolygon","coordinates":[[[[-77.024870488012013,38.927531500295245],[-77.024897739036916,38.927694860285499],[-77.025065106830567,38.927678105074484],[-77.025037843892889,38.927514736116947],[-77.024870488012013,38.927531500295245]]],[[[-77.024826579053666,38.92722142539823],[-77.024826429133114,38.927221434438401],[-77.024826960865184,38.927224974593507],[-77.024850415073047,38.927381543140839],[-77.024850946801308,38.927385065279111],[-77.025018568196984,38.927370021659605],[-77.024994836206758,38.927211642533571],[-77.024994050149331,38.927206390853634],[-77.024826579053666,38.92722142539823]]]]}},{"type":"Feature","properties":{"id":"DPR_0446","name":"Langdon Park","address":"18th St. & Mills Ave., to Hamlin & Franklin Sts., NE","type":"REC CENTER GROUNDS","ward":"5","water":1,"playground":1,"picnic":15,"benches":15,"pool":1,"garden":"N"},"geometry":{"type":"MultiPolygon","coordinates":[[[[-76.973441436196012,38.92759257550216],[-76.974696938750441,38.927592854048243],[-76.974745099120497,38.927592864464508],[-76.974801343882163,38.927592876604145],[-76.97480148941419,38.927181016454533],[-76.974924519074449,38.927181042914441],[-76.975047548734693,38.92718106924481],[-76.975170578395023,38.927181095445654],[-76.975293608055452,38.927181121517009],[-76.975416637716052,38.927181147458825],[-76.975566030875356,38.927181178785503],[-76.975566094093111,38.926996670472384],[-76.975592458639724,38.92699341497061],[-76.975680340442366,38.926982569260581],[-76.975856103964347,38.926960886650491],[-76.976031867379376,38.926939203776001],[-76.976031929125128,38.926755488186075],[-76.976032012178948,38.926508372060482],[-76.976032150600687,38.926096511825698],[-76.975856396615882,38.926096475651953],[-76.97568064263119,38.926096439213893],[-76.975504888646668,38.926096402511497],[-76.975329134662331,38.926096365544801],[-76.97515338067825,38.926096328313832],[-76.974977626694297,38.926096290818499],[-76.974829988734925,38.926096259117209],[-76.974794837938191,38.926096251542013],[-76.974654234751313,38.926096221135531],[-76.974478480767942,38.92609618288958],[-76.974302726784686,38.926096144379301],[-76.974166921082286,38.926096114441251],[-76.97412962121453,38.926043668773872],[-76.974129751600699,38.925684245922568],[-76.974021670444913,38.925684221949041],[-76.973873964145099,38.925684189024601],[-76.972980334114624,38.925683985848842],[-76.972628828181954,38.925683904057898],[-76.972277322249994,38.925683821209731],[-76.972277268880887,38.92582110796716],[-76.972277223657045,38.925937441375545],[-76.972309600407485,38.925983103205894],[-76.973441436196012,38.92759257550216]]],[[[-76.976967198986898,38.926988505179359],[-76.976914218415402,38.926988494726722],[-76.976896649881979,38.92700221992893],[-76.976896836418021,38.927173990532779],[-76.977019866066797,38.927174014786878],[-76.977142895715659,38.927174038911467],[-76.977265925364676,38.927174062906516],[-76.977388955013694,38.927174086772062],[-76.977511984662812,38.927174110508084],[-76.977635014312085,38.927174134114601],[-76.977758043961359,38.927174157591594],[-76.977881073610703,38.927174180939041],[-76.978004103260233,38.927174204157033],[-76.978127132909719,38.92717422724548],[-76.978250162559334,38.927174250204423],[-76.978373192208977,38.927174273033849],[-76.978650435626932,38.927174324004454],[-76.978840215896895,38.927174358515948],[-76.978892942889729,38.927174368049627],[-76.97889295458377,38.927134857579041],[-76.978892995216782,38.926997570852691],[-76.978893031786399,38.926874012795963],[-76.97889307241914,38.926736726062906],[-76.978893121178217,38.926571981978562],[-76.978893184238359,38.926358917279288],[-76.978893216744112,38.926249087882518],[-76.978893249249737,38.926139258483524],[-76.978893281757948,38.926029420073938],[-76.978893294757981,38.925985495519434],[-76.978893388210736,38.925669735975639],[-76.978735210569837,38.925669707303818],[-76.978594608222437,38.925669681638027],[-76.978454005875122,38.925669655803084],[-76.977821110796185,38.92566953741737],[-76.977811627674498,38.925680895106737],[-76.977979206524765,38.925710753341797],[-76.977786708481943,38.925710825014697],[-76.977744806811643,38.925762632889388],[-76.97745562620608,38.925710761621502],[-76.977238357137722,38.92570936826295],[-76.97686619738262,38.925706989063421],[-76.97682701053381,38.925706738075917],[-76.976996309963369,38.925871515640587],[-76.976757532090346,38.925871468400636],[-76.976757496295377,38.925981297804505],[-76.976756619833381,38.925981297630216],[-76.976756575087848,38.926118584381904],[-76.976580821048216,38.926118549297605],[-76.976405067008812,38.926118513948992],[-76.976404930740927,38.926530374182505],[-76.976404848979456,38.926777490307344],[-76.976404810932976,38.926892481457372],[-76.976538599957976,38.926892508389763],[-76.976844200800912,38.926892569334235],[-76.976896927646493,38.926892390593842],[-76.976967230025309,38.926892404469122],[-76.976967198986898,38.926988505179359]]]]}},{"type":"Feature","properties":{"id":"DPR_0330","name":"Bishop Lalossu Memorial Park","address":"Massachusetts Ave.,36th St.,Garfield St.,NW","type":"TRIANGLE","ward":"3","water":0,"playground":0,"picnic":0,"benches":0,"pool":0,"garden":"N"},"geometry":{"type":"Polygon","coordinates":[[[-77.071360205096084,38.927438086017659],[-77.070969081383012,38.927154021674824],[-77.070969364795232,38.927438774433163],[-77.071360205096084,38.927438086017659]]]}},{"type":"Feature","properties":{"id":"DPR_309H","name":"Triangle Park RES 309H","address":"Quarry Rd.,18th St.,Harva Rd. St.,NW","type":"TRIANGLE","ward":"1","water":0,"playground":0,"picnic":0,"benches":0,"pool":0,"garden":"N"},"geometry":{"type":"Polygon","coordinates":[[[-77.041313147441656,38.926953509949946],[-77.041307773586865,38.926950353729161],[-77.041301936250491,38.926948170715427],[-77.041295810063531,38.926947026216247],[-77.041289578298333,38.926946954470708],[-77.041283427385707,38.92694795762516],[-77.041277541337692,38.926950005669021],[-77.041272096242551,38.926953037332574],[-77.041267254996939,38.92695696191992],[-77.041263162432585,38.926961662022251],[-77.041259940983522,38.926966997030306],[-77.041257687023332,38.926972807340832],[-77.041257164812123,38.92706685435067],[-77.041257119241479,38.927071629893057],[-77.041257815253843,38.927076354662738],[-77.041259235988221,38.927080914201703],[-77.041261347027202,38.927085198054662],[-77.041264097230638,38.92708910244486],[-77.041305401534018,38.927119626045943],[-77.041313202203341,38.92712358452475],[-77.041321496604738,38.927126363535692],[-77.041330107521162,38.927127903702782],[-77.041338850972949,38.927128172119019],[-77.04143167543458,38.92712957877562],[-77.04152437176181,38.927134653248572],[-77.041616795083215,38.927143387607188],[-77.041619469521549,38.927143398763747],[-77.041622105702388,38.927142947880817],[-77.041624624406978,38.92714204850769],[-77.041626949946789,38.927140727671045],[-77.041629012437994,38.927139025062793],[-77.041630749901543,38.927136991847298],[-77.041632110125661,38.927134689123861],[-77.041633052234801,38.92713218609066],[-77.041633547918053,38.927129557965294],[-77.041633582279843,38.927126883724441],[-77.041633154287581,38.927124243730603],[-77.041632276802673,38.927121717317121],[-77.041630976194071,38.927119380404179],[-77.041629291545803,38.927117303217365],[-77.041627273482518,38.927115548177355],[-77.041313147441656,38.926953509949946]]]}},{"type":"Feature","properties":{"id":"DPR_0504","name":"Palisades","address":"Potomac and Arizona Aves., NW","type":"REC CENTER GROUNDS","ward":"3","water":1,"playground":1,"picnic":5,"benches":21,"pool":0,"garden":"N"},"geometry":{"type":"MultiPolygon","coordinates":[[[[-77.103069199435069,38.924972049849444],[-77.103183611666466,38.925076265287039],[-77.103240817907633,38.925128372963059],[-77.103355219108366,38.925232588239759],[-77.103412425600325,38.925284695830278],[-77.103469632175802,38.925336803392263],[-77.103774808002029,38.925128440498099],[-77.103656235759203,38.925027030918493],[-77.103537675385837,38.924925621206413],[-77.103478383786879,38.924874911810605],[-77.103419103804413,38.924824202374062],[-77.103359823919362,38.924773501915276],[-77.103069199435069,38.924972049849444]]],[[[-77.104607487163634,38.925728274082907],[-77.104599342965003,38.925734533149388],[-77.104596336404896,38.925736841971265],[-77.105722473554806,38.926733707595801],[-77.106491976598036,38.926359911235366],[-77.106515139230325,38.926261856888026],[-77.106531429792213,38.926162429627382],[-77.106540769471707,38.926062110471918],[-77.106543113084442,38.92596138475502],[-77.106538449292245,38.925860739776958],[-77.106526800658074,38.925760662447423],[-77.106508223536764,38.925661636929853],[-77.10648280780245,38.925564142299152],[-77.106405015015326,38.925368929201369],[-77.106320621234332,38.925176477750327],[-77.106229724307269,38.924987011077988],[-77.106180599510623,38.924909990772569],[-77.106128262066505,38.924835116444285],[-77.106072805584333,38.924762522011456],[-77.103629743039619,38.923342569467813],[-77.103140120195121,38.92356705775174],[-77.102933829236093,38.923650557658114],[-77.102793197535235,38.923707496963942],[-77.103137286507263,38.924270907839983],[-77.103536601569502,38.92474997783372],[-77.10355257277466,38.924749360124821],[-77.104607487163634,38.925728274082907]]]]}},{"type":"Feature","properties":{"id":"DPR_0329","name":"Triangle Park RES 0329","address":"Massachusetts Ave.,36th St.,Fulton,NW","type":"TRIANGLE","ward":"3","water":0,"playground":0,"picnic":0,"benches":0,"pool":0,"garden":"N"},"geometry":{"type":"Polygon","coordinates":[[[-77.070803617393352,38.926253740561364],[-77.070133398521264,38.926254333875214],[-77.07013279705123,38.926254476890108],[-77.070132229494121,38.926254722039829],[-77.070131713047431,38.9262550618961],[-77.070131263359997,38.926255486160962],[-77.070130894057755,38.926255981978791],[-77.070130616330914,38.926256534325844],[-77.070130438594859,38.926257126465494],[-77.070130366235162,38.926257740455341],[-77.070130401444388,38.926258357690934],[-77.070130543155656,38.92625895946945],[-77.070130787074973,38.926259527556432],[-77.070131125811386,38.926260044738328],[-77.07013154910085,38.926260495344025],[-77.070132044117287,38.926260865719769],[-77.070798166942566,38.926746003470598],[-77.070798706175722,38.926746362147775],[-77.070799298162129,38.926746624776428],[-77.070799925952954,38.926746783837409],[-77.070800571574296,38.926746834776722],[-77.07080121654171,38.92674677613595],[-77.070801842389542,38.926746609594019],[-77.070802431199482,38.926746339919077],[-77.070802966113661,38.926745974832045],[-77.070803431817254,38.926745524785517],[-77.070803814976969,38.926745002664504],[-77.070804104622795,38.926744423417567],[-77.070803617393352,38.926253740561364]]]}},{"type":"Feature","properties":{"id":"DPR_0674","name":"Triangle Park RES 0674","address":"Lincoln Rd.,4th St.,Franklin St.,NE","type":"TRIANGLE","ward":"5","water":0,"playground":0,"picnic":0,"benches":0,"pool":0,"garden":"N"},"geometry":{"type":"Polygon","coordinates":[[[-77.002157092739964,38.925685845763553],[-77.00215697728288,38.925681431689874],[-77.002155939240737,38.925677107716439],[-77.002154093940092,38.925672963924256],[-77.002151441383546,38.925669090396426],[-77.002147981574169,38.925665577216122],[-77.002143829840747,38.925662604547483],[-77.002139216830145,38.925660172386245],[-77.002134027221544,38.925658370817629],[-77.002128606985238,38.925657199835221],[-77.002034733705045,38.925656931259446],[-77.001779292298295,38.925656575099538],[-77.001538958251558,38.925655677683949],[-77.001303121870791,38.925657302053054],[-77.001017696374547,38.925656944559471],[-77.000703440025504,38.925656766712756],[-77.000691100418479,38.925656766786616],[-77.000686602809935,38.925657307312278],[-77.000682220529058,38.925658298252984],[-77.000678068899248,38.925659739608108],[-77.000674263244719,38.92566172146018],[-77.000670803562784,38.925663973559637],[-77.000667805178708,38.925666676072233],[-77.000665268090742,38.9256696488317],[-77.000663422945834,38.925672891836676],[-77.000662039095346,38.925676224922199],[-77.000661231863802,38.925679738170793],[-77.00066123194506,38.925688476239188],[-77.000660656820457,38.925849094548909],[-77.000659853031209,38.926223660389113],[-77.000660546401178,38.926376891855782],[-77.000660661882307,38.926393737407487],[-77.000660893108559,38.926455804708255],[-77.000660893224151,38.926468236185208],[-77.000661469888996,38.926472650257097],[-77.000662969150156,38.926476884157388],[-77.000665160358508,38.926480937887362],[-77.000668274161796,38.926484631279344],[-77.000671964585052,38.926487874252089],[-77.000676346953057,38.926490666804895],[-77.000681190615353,38.926492918855836],[-77.000685111670052,38.926494179997157],[-77.000689263371015,38.92649508080433],[-77.000693530393406,38.926495621278008],[-77.000697797411362,38.926495711335683],[-77.000702064424871,38.92649535097739],[-77.000705639489695,38.926494990623148],[-77.000709099224238,38.926494089770465],[-77.000722592147113,38.926486522701637],[-77.000797091480251,38.926444633543639],[-77.001088053262777,38.92628464348536],[-77.00139700411313,38.92611447308547],[-77.001668473702097,38.925964751285903],[-77.001961622738492,38.925805389589328],[-77.002095280715579,38.925732059560083],[-77.002128839319909,38.925713681984533],[-77.002144753705593,38.925705033708084],[-77.002148674609813,38.925701880724709],[-77.002152018885255,38.925698367419152],[-77.002154555882314,38.925694403712441],[-77.002156285606489,38.925690169771102],[-77.002157092739964,38.925685845763553]]]}},{"type":"Feature","properties":{"id":"DPR_0532","name":"Triangle Park RES 0532","address":"Woodley Rd. & 29th St., NW","type":"TRIANGLE","ward":"3","water":0,"playground":0,"picnic":0,"benches":0,"pool":0,"garden":"N"},"geometry":{"type":"Polygon","coordinates":[[[-77.057544860539181,38.926210755023455],[-77.057269875467469,38.926174946913662],[-77.057265339824809,38.926174005270141],[-77.057260709665442,38.926173862543251],[-77.057256124636112,38.926174523037695],[-77.057251723022489,38.92617596683278],[-77.057247637578314,38.926178150383286],[-77.057243991521659,38.926181007832774],[-77.057240894818477,38.926184452999863],[-77.057238440866129,38.926188381977425],[-77.057236703676438,38.92619267626651],[-77.057235735643488,38.926197206350288],[-77.057235565963381,38.926201835600281],[-77.057236199753731,38.926206424397137],[-77.057237617899247,38.926210834341589],[-77.057239777628297,38.926214932428607],[-77.057242613802941,38.926218595058849],[-77.057246040883399,38.926221711766452],[-77.057522183825341,38.92642029967984],[-77.057526771500306,38.92642273241961],[-77.05753165125644,38.926424508078483],[-77.057536729522056,38.926425592607337],[-77.057541908918907,38.926425965209809],[-77.057544860539181,38.926210755023455]]]}},{"type":"Feature","properties":{"id":"DPR_0328","name":"Triangle Park RES 0328","address":"Massachusetts Ave.,35th St.,Fulton,NW","type":"TRIANGLE","ward":"3","water":0,"playground":0,"picnic":0,"benches":0,"pool":0,"garden":"N"},"geometry":{"type":"Polygon","coordinates":[[[-77.069547584650564,38.926112073260974],[-77.068723011762415,38.925508733360452],[-77.068722388995127,38.925508352656735],[-77.06872171299193,38.925508077349484],[-77.068721001443521,38.925507914643383],[-77.068720272970822,38.925507868796366],[-77.068719546637666,38.925507941008249],[-77.068718841451869,38.925508129389257],[-77.068718175867843,38.925508429009561],[-77.068717567303651,38.925508832028207],[-77.068717031685139,38.925509327898375],[-77.068716583029229,38.925509903643359],[-77.068716233077055,38.925510544196158],[-77.068715990986703,38.925511232793774],[-77.068716577074255,38.926119411176117],[-77.068717002838042,38.926120770141686],[-77.068717643710414,38.926122041890409],[-77.068718482665659,38.926123192636396],[-77.068719497415657,38.926124191808377],[-77.068720661002104,38.926125012861853],[-77.068721942512568,38.926125633984327],[-77.068723307901848,38.926126038674767],[-77.068724720896327,38.926126216181956],[-77.068726143957733,38.926126161790158],[-77.06954263897903,38.926125678767058],[-77.069543846982512,38.926125973798577],[-77.069545087653665,38.926126057769423],[-77.069546324394722,38.926125928202609],[-77.069547520723859,38.926125588920129],[-77.069548641351332,38.926125049930263],[-77.069549653220463,38.926124327132328],[-77.0695505264828,38.926123441847672],[-77.069551235378512,38.926122420190744],[-77.06955175899634,38.926121292298745],[-77.069552081890436,38.926120091442627],[-77.069552194535959,38.926118853045686],[-77.069552093610028,38.926117613638581],[-77.069551782089803,38.926116409781798],[-77.069551269164606,38.926115276987126],[-77.069550569964917,38.92611424867016],[-77.069549705115961,38.926113355164539],[-77.06954870012936,38.926112622827233],[-77.069547584650564,38.926112073260974]]]}},{"type":"Feature","properties":{"id":"DPR_0037","name":"Noyes Park","address":"1000 Franklin Street, NE","type":"PARK","ward":"5","water":0,"playground":0,"picnic":0,"benches":0,"pool":0,"garden":"N"},"geometry":{"type":"Polygon","coordinates":[[[-76.99107738350591,38.926011761478208],[-76.991095084038847,38.926025392412242],[-76.991186466861166,38.926024876855536],[-76.991309494616388,38.926024183418001],[-76.991432522369124,38.926023489850927],[-76.991555538588216,38.926022787145186],[-76.991678566336148,38.926022093319091],[-76.991801594081693,38.926021399363513],[-76.99192462182495,38.926020705278376],[-76.992047638033284,38.926020011062967],[-76.992170665772619,38.92601930771054],[-76.992276118118028,38.926018711168446],[-76.992273256886676,38.925710374281941],[-76.99216780499728,38.925710970821491],[-76.992044777790795,38.925711665162623],[-76.991921762113364,38.925712368383365],[-76.991798734902062,38.925713062465533],[-76.991675707688458,38.92571375641819],[-76.991552692004831,38.925714450242097],[-76.991429664786338,38.92571514393574],[-76.991306637564449,38.925715846508176],[-76.991183610341281,38.925716539942755],[-76.991074652596126,38.925717153248087],[-76.991021926640983,38.925717455493121],[-76.991023758384671,38.925915827799408],[-76.99103971921663,38.925915738940745],[-76.991040106154102,38.925956843923466],[-76.99107687144506,38.925956630536092],[-76.99107738350591,38.926011761478208]]]}},{"type":"Feature","properties":{"id":"DPR_0038","name":"14th and Girard Park","address":"14th and Girard Sts., NW","type":"PARK","ward":"1","water":0,"playground":0,"picnic":0,"benches":0,"pool":0,"garden":"N"},"geometry":{"type":"Polygon","coordinates":[[[-77.031761347054967,38.925509427239028],[-77.031761420437888,38.925674171350543],[-77.032188659226392,38.925674054449075],[-77.032172750983193,38.925509314698218],[-77.032167455939984,38.925454401444192],[-77.032162149372695,38.925399488192518],[-77.031761298133219,38.925399597828537],[-77.031761322594079,38.92545451253406],[-77.031761347054967,38.925509427239028]]]}},{"type":"Feature","properties":{"id":"DPR_0009","name":"Theodore Hagans","address":"3201 Fort Lincoln Drive, NE","type":"REC CENTER GROUNDS","ward":"5","water":1,"playground":1,"picnic":1,"benches":68,"pool":1,"garden":"N"},"geometry":{"type":"Polygon","coordinates":[[[-76.956283629956829,38.924757859450061],[-76.956352949314265,38.924847949760363],[-76.956416923435768,38.924941911183844],[-76.956475336670024,38.925039426984554],[-76.956527992111006,38.92514016844504],[-76.956574712261698,38.92524379597441],[-76.956615339632464,38.925349960253101],[-76.956649737271874,38.925458303410373],[-76.956677789228451,38.925568460230664],[-76.956699400941417,38.925680059384732],[-76.956714499559538,38.925792724681322],[-76.956723034186652,38.925906076335323],[-76.956724976053252,38.926019732247966],[-76.956720318613478,38.926133309294855],[-76.956709077567169,38.926246424617439],[-76.95669129080693,38.926358696913596],[-76.956667018290418,38.92646974772299],[-76.956636341838205,38.926579202702797],[-76.956522160316524,38.926954726032307],[-76.956304298039399,38.927671220306401],[-76.95629916742746,38.927716845280898],[-76.956300972137811,38.927762722339409],[-76.956309670936832,38.92780780329295],[-76.956325065076285,38.927851058141783],[-76.956346802834219,38.927891498608609],[-76.956374387551108,38.927928200718497],[-76.956407188977408,38.927960325909702],[-76.956444457673314,38.927987140192883],[-76.956919929109731,38.928310994175931],[-76.956990481790484,38.928260262262825],[-76.957064974982814,38.92821551662545],[-76.957142901999291,38.928177061614448],[-76.957223732796308,38.92814515879293],[-76.957306917579359,38.928120025157362],[-76.957391890542581,38.928101831661571],[-76.957478073717297,38.928090702053993],[-76.957917158006836,38.928054395318242],[-76.957989853381761,38.928048938112056],[-76.958061903284815,38.928037838107208],[-76.958132870381036,38.928021162679492],[-76.958202323908026,38.927999013046914],[-76.958269842290591,38.927971523655287],[-76.958335015699618,38.927938861362165],[-76.958397448539742,38.927901224424055],[-76.958456761850528,38.927858841293002],[-76.958512595606777,38.9278119692299],[-76.958567194151428,38.927728883642899],[-76.958624502575859,38.927647643502972],[-76.958684458556917,38.927568337159087],[-76.95875052843536,38.927451122474011],[-76.958819621930914,38.927335664256006],[-76.958891692379197,38.927222040483322],[-76.959041235949343,38.926920197275017],[-76.95921745879248,38.926567763452972],[-76.959310166550651,38.926331430794946],[-76.959398592572953,38.926093462956253],[-76.959482708036532,38.925853937503618],[-76.959561715639865,38.925564089354069],[-76.959635910050977,38.925272971954136],[-76.959636210198184,38.925221954511308],[-76.95964056887486,38.92517112271517],[-76.959648958440411,38.925120798916119],[-76.959641849604793,38.925054886904391],[-76.959638254829741,38.924988690179191],[-76.959638184281957,38.924922395957296],[-76.959610141610213,38.924868793885047],[-76.959587579869947,38.924812664200701],[-76.959570723653272,38.924754565650396],[-76.959479661403549,38.924599508667754],[-76.959393986511728,38.924441411184844],[-76.959339229163433,38.924375347241288],[-76.959287021527103,38.924307250438581],[-76.959237439002251,38.924237219123725],[-76.959163131165468,38.924161178759526],[-76.959092096502829,38.924082072070185],[-76.958993950766569,38.924001290784652],[-76.958898406151135,38.923917449099903],[-76.957572767258583,38.922995766277523],[-76.95684530578005,38.922489961789736],[-76.956649228243137,38.922663650786085],[-76.957525347845319,38.923267142806367],[-76.956656107403788,38.924474974763022],[-76.956283629956829,38.924757859450061]]]}},{"type":"Feature","properties":{"id":"DPR_0063","name":"Columbia Heights","address":"1480 GIRARD STREET NW","type":"REC CENTER GROUNDS","ward":"1","water":0,"playground":1,"picnic":3,"benches":11,"pool":0,"garden":"N"},"geometry":{"type":"Polygon","coordinates":[[[-77.034434722855423,38.925293524372641],[-77.034806477427111,38.925269551198923],[-77.034806823395513,38.925269551095873],[-77.035174806902447,38.925269440911343],[-77.035333733246063,38.925269392966086],[-77.03533339600213,38.925263726835198],[-77.035330976903211,38.925222586572112],[-77.035326929695543,38.925154007459625],[-77.035319172558403,38.925022542387794],[-77.035160258297168,38.92502259030978],[-77.034792241467358,38.925022700458811],[-77.034791918564679,38.925022700554933],[-77.034784678692958,38.924885731207169],[-77.034757779908418,38.924377318617495],[-77.034251407924785,38.924409961147454],[-77.03425933537271,38.924492096691345],[-77.034084178861974,38.924503390295136],[-77.034115111454213,38.924823735155123],[-77.034387655208334,38.924806161114326],[-77.034434722855423,38.925293524372641]]]}},{"type":"Feature","properties":{"id":"DPR_0376","name":"Triangle Park RES 0376","address":"Rhode Island Ave.,14th St.,Brentwood Rd.,NE","type":"TRIANGLE","ward":"5","water":0,"playground":0,"picnic":0,"benches":0,"pool":0,"garden":"N"},"geometry":{"type":"Polygon","coordinates":[[[-76.986443805812073,38.924421482787913],[-76.985792311765209,38.924638686088983],[-76.985786261623772,38.924641476831255],[-76.985780762196271,38.924645238313808],[-76.985775967792947,38.924649864991956],[-76.985772012941567,38.924655227044212],[-76.985769008612593,38.924661174014979],[-76.985767039105482,38.924667539036236],[-76.985766159683308,38.924674143509755],[-76.985766395022054,38.924680802118438],[-76.985767738518263,38.924687328026174],[-76.985803374240334,38.924799635688238],[-76.985833196385812,38.924913624965292],[-76.985858791650784,38.92494524726564],[-76.986429946518186,38.924530391769437],[-76.986439099543233,38.924520766283024],[-76.986446619484553,38.924509817386337],[-76.986452318016234,38.92449781927845],[-76.986456052426888,38.9244850724344],[-76.986457729193702,38.924471896080227],[-76.986457306324468,38.924458620198422],[-76.986454794409354,38.924445577263988],[-76.986450256355582,38.924433093918118],[-76.986443805812073,38.924421482787913]]]}},{"type":"Feature","properties":{"id":"DPR_0001","name":"Walter Pierce Park","address":"Adams Mill and Ontario Rds., NW","type":"PARK","ward":"1","water":1,"playground":1,"picnic":6,"benches":7,"pool":0,"garden":"N"},"geometry":{"type":"Polygon","coordinates":[[[-77.045599491468366,38.923913788228219],[-77.044802436053388,38.923905223333435],[-77.044826666896896,38.923949096145307],[-77.044846410391955,38.923995162964189],[-77.0448614704367,38.924042966232385],[-77.04487169744759,38.924092031144973],[-77.044876989845037,38.924141870365752],[-77.044905685490832,38.924697240358732],[-77.044937904858458,38.92469475068517],[-77.04693449255771,38.924251837445638],[-77.047143304311845,38.924199063720202],[-77.047270400728806,38.923609174468488],[-77.046838686337182,38.923623779637389],[-77.046691056736989,38.923628766269104],[-77.046620747587752,38.923631145512452],[-77.046170870395173,38.923646359016409],[-77.04545185295791,38.923670675094556],[-77.045599491468366,38.923913788228219]]]}},{"type":"Feature","properties":{"id":"DPR_0513","name":"Triangle Park RES 0513","address":"6th St., between Evarts & Edgewood Sts., NE","type":"TRIANGLE","ward":"5","water":0,"playground":0,"picnic":0,"benches":0,"pool":0,"garden":"N"},"geometry":{"type":"Polygon","coordinates":[[[-76.997698139094098,38.924441794227732],[-76.998350766286606,38.924443633937521],[-76.998349908587514,38.92413157670196],[-76.997698139094098,38.924441794227732]]]}},{"type":"Feature","properties":{"id":"DPR_0026","name":"Justice Park","address":"14th and Euclid Sts., NW","type":"PARK","ward":"1","water":0,"playground":1,"picnic":0,"benches":0,"pool":0,"garden":"N"},"geometry":{"type":"Polygon","coordinates":[[[-77.032734361607595,38.923847393899152],[-77.032753780497131,38.92404587781261],[-77.033051680559211,38.924028092582915],[-77.033032260845346,38.9238296087183],[-77.033012841239625,38.923631124843077],[-77.032714942826175,38.923648909975107],[-77.032734361607595,38.923847393899152]]]}},{"type":"Feature","properties":{"id":"DPR_313D","name":"Triangle Park RES 313D","address":"Bladensburg Rd.,30th St.,Douglas St.,NE","type":"TRIANGLE","ward":"5","water":0,"playground":0,"picnic":0,"benches":0,"pool":0,"garden":"N"},"geometry":{"type":"Polygon","coordinates":[[[-76.966637527312287,38.923818778173164],[-76.966997982954979,38.923523056231069],[-76.966637665703843,38.923522953928632],[-76.966637527312287,38.923818778173164]]]}},{"type":"Feature","properties":{"id":"DPR_0015","name":"Glover Park","address":"4001 CALVERT STREET NW","type":"REC CENTER GROUNDS","ward":"3","water":0,"playground":1,"picnic":4,"benches":0,"pool":0,"garden":"N"},"geometry":{"type":"Polygon","coordinates":[[[-77.077447374167832,38.923532679494521],[-77.080422915960909,38.923529588611011],[-77.080575078078851,38.922700555673103],[-77.078905656955186,38.922701884005441],[-77.079202787463075,38.922660677096374],[-77.077255587730491,38.922661980621534],[-77.077255632350642,38.922703166659538],[-77.077255878806724,38.922930653752793],[-77.077256268037374,38.923289923532984],[-77.077447374167832,38.923532679494521]]]}},{"type":"Feature","properties":{"id":"DPR_313E","name":"Triangle Park RES 313E","address":"Bladensburg Rd.,28th St.,Douglas St.,NE","type":"TRIANGLE","ward":"5","water":0,"playground":0,"picnic":0,"benches":0,"pool":0,"garden":"N"},"geometry":{"type":"Polygon","coordinates":[[[-76.967977970347746,38.923373088053864],[-76.967978161047611,38.922974064451196],[-76.967561031865813,38.923372973070435],[-76.967977970347746,38.923373088053864]]]}},{"type":"Feature","properties":{"id":"DPR_306D","name":"Unity Park","address":"Columbia Rd.,Champlain St.,Euclid St.,NW","type":"TRIANGLE","ward":"1","water":0,"playground":0,"picnic":0,"benches":0,"pool":0,"garden":"N"},"geometry":{"type":"Polygon","coordinates":[[[-77.041779447619504,38.92314269871445],[-77.041723103769996,38.923144745718091],[-77.041485400950734,38.923153370237429],[-77.041474895576158,38.923153752316033],[-77.041486788809138,38.923338679956601],[-77.041779447619504,38.92314269871445]]]}},{"type":"Feature","properties":{"id":"DPR_0393","name":"Triangle Park RES 0393","address":"Lincoln Rd.,2nd St. ,Channing St.,NE","type":"TRIANGLE","ward":"5","water":0,"playground":0,"picnic":0,"benches":0,"pool":0,"garden":"N"},"geometry":{"type":"Polygon","coordinates":[[[-77.003582914765772,38.922417781148219],[-77.003582940631262,38.922473515644278],[-77.003582963632198,38.922931039358609],[-77.003582972718704,38.923111782339532],[-77.003586421200907,38.923111429950026],[-77.003589774411068,38.923110551206939],[-77.003592952503993,38.923109167034539],[-77.003595879804266,38.923107310392147],[-77.003598486608254,38.923105025489342],[-77.003600710843841,38.923102366733268],[-77.003602499548492,38.923099397433091],[-77.003603810130315,38.923096188292533],[-77.003798896948396,38.922469202841171],[-77.003799281570409,38.922461560868662],[-77.003798414785194,38.922453958476844],[-77.003796319800529,38.922446599216201],[-77.003793052708644,38.922439680127489],[-77.003788700984387,38.922433386466082],[-77.003783381143151,38.922427886741801],[-77.003777235621186,38.922423328207195],[-77.003770428961957,38.922419832914905],[-77.003763143410609,38.922417494449732],[-77.003755574034329,38.922416375422991],[-77.00374792349966,38.922416505796093],[-77.003582914765772,38.922417781148219]]]}},{"type":"Feature","properties":{"id":"DPR_0024","name":"Rita Bright Community Center","address":"2500 14th St., NW","type":"REC CENTER GROUNDS","ward":"1","water":0,"playground":0,"picnic":0,"benches":0,"pool":0,"garden":"N"},"geometry":{"type":"Polygon","coordinates":[[[-77.032131414120627,38.922196804075519],[-77.032172883158964,38.922607392074141],[-77.032635723991504,38.922578869489243],[-77.032594263836629,38.922168281649505],[-77.032629066108157,38.922166884654878],[-77.032582080640822,38.921701662830053],[-77.032144084091371,38.921728655970178],[-77.032190985663263,38.922193139308469],[-77.032131414120627,38.922196804075519]]]}},{"type":"Feature","properties":{"id":"DPR_0014","name":"Guy Mason","address":"Calvert and 36th Sts., NW","type":"REC CENTER GROUNDS","ward":"3","water":0,"playground":1,"picnic":5,"benches":12,"pool":0,"garden":"N"},"geometry":{"type":"Polygon","coordinates":[[[-77.071406456860487,38.921098540482141],[-77.070875841273079,38.921237654831941],[-77.070882798173528,38.921349197071564],[-77.070884485123685,38.921460943319303],[-77.070880898366866,38.921572644728698],[-77.070872045890411,38.921684052553132],[-77.070857947407774,38.921794918699774],[-77.070838634314725,38.921904996282059],[-77.070838175309447,38.92190727566706],[-77.070837716313065,38.921909564060385],[-77.070837555665236,38.921910365898846],[-77.070815179676956,38.922010434947794],[-77.070780326905407,38.922137385652483],[-77.070738789476977,38.922262308985545],[-77.070704344234471,38.922352149354609],[-77.070666558038823,38.922440636472665],[-77.07188903467204,38.922439890818588],[-77.072564214239293,38.922261189720743],[-77.072468028605911,38.922103396500745],[-77.072141518086539,38.921567720166017],[-77.071793655289397,38.920997022599344],[-77.071406456860487,38.921098540482141]]]}},{"type":"Feature","properties":{"id":"DPR_0644","name":"Dakota Park","address":"South Dakota Ave., Adams and 33rd Sts., NE","type":"PARK","ward":"5","water":0,"playground":1,"picnic":0,"benches":3,"pool":0,"garden":"N"},"geometry":{"type":"Polygon","coordinates":[[[-76.962747241340807,38.92142721712505],[-76.962728548523117,38.921427211164939],[-76.962146937819284,38.921427024227526],[-76.962103221212899,38.921427181217673],[-76.961572476654268,38.921427007904718],[-76.961521991055761,38.921426991293274],[-76.960800308978008,38.922007509183892],[-76.960826302246545,38.922027237122983],[-76.96121975971883,38.922292897725796],[-76.961653009368916,38.922293040688729],[-76.962244416079599,38.92181695410612],[-76.962747037674305,38.921817115405119],[-76.962834909389088,38.921817143382469],[-76.962835112575164,38.921427245102251],[-76.962747241340807,38.92142721712505]]]}},{"type":"Feature","properties":{"id":"DPR_0673","name":"Brentwood Recreation Center","address":"15th & Downing Sts., NE","type":"REC CENTER GROUNDS","ward":"5","water":0,"playground":1,"picnic":12,"benches":0,"pool":0,"garden":"N"},"geometry":{"type":"Polygon","coordinates":[[[-76.983115090836122,38.920412030023464],[-76.982786511396938,38.920511812368851],[-76.982402102731101,38.920628548074482],[-76.982444845185356,38.920715473797451],[-76.982492867599987,38.920799597791664],[-76.98254598711992,38.920880599738005],[-76.98260400148186,38.920958171205179],[-76.982666689784367,38.921032016824128],[-76.982733813329062,38.921101855412715],[-76.982805116529477,38.921167421046405],[-76.982880327884232,38.921228464070772],[-76.982959161010911,38.921284752052159],[-76.983212414006758,38.921060175111286],[-76.983249611154093,38.921027227992248],[-76.983481939779097,38.920821195599771],[-76.983463007978514,38.92080815787444],[-76.983401685696791,38.920763083527618],[-76.983343768878683,38.920713709838708],[-76.983289558316741,38.920660293231279],[-76.983239335554956,38.920603111125907],[-76.983193361426572,38.920542460499391],[-76.983151874699487,38.920478656342375],[-76.983115090836122,38.920412030023464]]]}},{"type":"Feature","properties":{"id":"DPR_0313","name":"Loomis Park","address":"Bryant and Adams Sts., to Lawrence and 19th Sts., NE","type":"CIRCLE","ward":"5","water":0,"playground":0,"picnic":0,"benches":0,"pool":0,"garden":"N"},"geometry":{"type":"Polygon","coordinates":[[[-76.977163149981351,38.920286000986223],[-76.976655615211953,38.92028590070823],[-76.97558364680367,38.921236357389077],[-76.97716284557093,38.921236676645805],[-76.977163149981351,38.920286000986223]]]}},{"type":"Feature","properties":{"id":"DPR_0655","name":"Kalorama Park","address":"Kalorama Rd., between Columbia Rd. & 19th St., NW","type":"REC CENTER GROUNDS","ward":"1","water":0,"playground":1,"picnic":0,"benches":18,"pool":0,"garden":"Y"},"geometry":{"type":"Polygon","coordinates":[[[-77.04452615789414,38.919724087618008],[-77.044449375967389,38.919844017708229],[-77.044299447991023,38.920146403157773],[-77.044203407280577,38.920340118582764],[-77.044101849328285,38.920544952280423],[-77.044000290792653,38.920749785881981],[-77.044054867578282,38.920765142533291],[-77.044472717535243,38.920882696063131],[-77.044638063275727,38.920929215076889],[-77.04480340923196,38.920975733856316],[-77.044850697108544,38.920989039031376],[-77.044943289129122,38.921015091570631],[-77.045000436715142,38.921010349213709],[-77.04507034910263,38.921004556940197],[-77.04514024994144,38.920998755621],[-77.045210150774579,38.920992963268297],[-77.045280063122277,38.920987161860992],[-77.045349963932694,38.920981369424652],[-77.045524727434895,38.920966879138007],[-77.04559294468099,38.920961222337098],[-77.045500190679732,38.920753859774074],[-77.045449171594342,38.920639807178503],[-77.045407425686349,38.92054649713392],[-77.045326162918201,38.920364821702776],[-77.045230026964759,38.920149911235647],[-77.044998737198711,38.919632850395423],[-77.044597816798117,38.919710250522009],[-77.04452615789414,38.919724087618008]]]}},{"type":"Feature","properties":{"id":"DPR_0705","name":"K C Lewis","address":"Bryant and W Sts., 4th St., NW","type":"PARK","ward":"1","water":0,"playground":1,"picnic":0,"benches":0,"pool":0,"garden":"N"},"geometry":{"type":"Polygon","coordinates":[[[-77.016638909127906,38.919564444141841],[-77.01526262362411,38.919696171636346],[-77.015326173129694,38.920125716418234],[-77.015701202518798,38.920089759430439],[-77.015772296508075,38.920518771433436],[-77.016470041359312,38.920451986520106],[-77.016398920151332,38.920022866839631],[-77.016702443702812,38.91999381703075],[-77.016638909127906,38.919564444141841]]]}},{"type":"Feature","properties":{"id":"DPR_0694","name":"W Street Park","address":"48th St., between W and Ashby Sts., NW","type":"PARK","ward":"3","water":0,"playground":1,"picnic":0,"benches":0,"pool":0,"garden":"N"},"geometry":{"type":"Polygon","coordinates":[[[-77.094214369923975,38.919301745632453],[-77.094038632771742,38.919301887190464],[-77.093862895618884,38.919302028484189],[-77.093687158465258,38.9193021695136],[-77.093511421310936,38.919302310278745],[-77.093335684155988,38.919302450779611],[-77.09286740920983,38.919302823872385],[-77.09286755277023,38.919643293704596],[-77.09286761740087,38.919808038039704],[-77.092868205151788,38.920126545173858],[-77.093405051464387,38.920126117291453],[-77.093512501446185,38.920126031354407],[-77.093688240630371,38.92012589058767],[-77.093863979813875,38.92012574955664],[-77.094039718996584,38.920125608261301],[-77.094215458178681,38.920125466701684],[-77.094214914048194,38.919713606182761],[-77.094214369923975,38.919301745632453]]]}},{"type":"Feature","properties":{"id":"DPR_0360","name":"Belmont Park","address":"Connecticut Ave., NW and Belmont Rd., NW","type":"PARK","ward":"2","water":0,"playground":0,"picnic":0,"benches":0,"pool":0,"garden":"N"},"geometry":{"type":"Polygon","coordinates":[[[-77.04966404429851,38.920150326882542],[-77.049765388962982,38.920043607137686],[-77.049792825140472,38.920014714747857],[-77.049897522583137,38.919904453183548],[-77.050002231233393,38.919794191518285],[-77.050106928028569,38.919683929761852],[-77.050336013082386,38.91944267832119],[-77.050369050361027,38.919442664085075],[-77.050368856425024,38.919168090270126],[-77.050544544661307,38.919099370930368],[-77.050720232558916,38.919030651325542],[-77.05089596910905,38.919030574913151],[-77.051071705658828,38.919030498236509],[-77.051247442208194,38.919030421295567],[-77.051423190288418,38.919030344085257],[-77.051598926837045,38.919030266615714],[-77.051774663385288,38.919030188881898],[-77.05191525262353,38.919030126504516],[-77.052090989171091,38.919030048294999],[-77.052090933270534,38.919000879345454],[-77.052090843016416,38.918877321121705],[-77.051623285631564,38.918877528618829],[-77.0515234596445,38.918877572678227],[-77.051347723472148,38.918877650034254],[-77.050348979280841,38.918878084645272],[-77.050279862890619,38.918880798888537],[-77.050211314792719,38.918888152137029],[-77.050143819242123,38.918900081125592],[-77.050077895075574,38.918916504558702],[-77.050014014974792,38.918937296120028],[-77.049985274742511,38.918947559898029],[-77.049249346730065,38.919210348110006],[-77.04939377509065,38.919458340520514],[-77.049283378026644,38.919497510309583],[-77.04966404429851,38.920150326882542]]]}},{"type":"Feature","properties":{"id":"DPR_0664","name":"Marie Reed","address":"18th St. and Kalorama Rd., NW","type":"REC CENTER GROUNDS","ward":"1","water":0,"playground":1,"picnic":4,"benches":4,"pool":0,"garden":"N"},"geometry":{"type":"Polygon","coordinates":[[[-77.040298104648002,38.918190467657219],[-77.040601366652098,38.919089763414497],[-77.040608782260918,38.919111759179131],[-77.040663486932203,38.919273980172974],[-77.040671457017353,38.919297615255886],[-77.040726161978952,38.91945984522313],[-77.040734132105641,38.91948348030094],[-77.040788837347208,38.919645701224951],[-77.040789391795897,38.919647349555589],[-77.040854121284752,38.919634021640469],[-77.040922090685754,38.919620034946774],[-77.040990071586393,38.919606039201199],[-77.041058040934089,38.919592052428349],[-77.041118123740688,38.919579689890654],[-77.041126021781267,38.919578056603591],[-77.041458004539876,38.919509728220866],[-77.041499696907806,38.919501146500068],[-77.041503109777437,38.91950044263826],[-77.041502789301092,38.918949790582637],[-77.041500805924798,38.918949791287083],[-77.041502202718576,38.917941884669233],[-77.040578296849802,38.917942209171166],[-77.040564408761199,38.917913765681455],[-77.04050541570605,38.917913786146364],[-77.040298104648002,38.918190467657219]]]}},{"type":"Feature","properties":{"id":"DPR_305A","name":"Triangle Park RES 305A","address":"Columbia Rd.,19th St.,Kalorama Rd.,NW","type":"TRIANGLE","ward":"1","water":0,"playground":0,"picnic":0,"benches":0,"pool":0,"garden":"N"},"geometry":{"type":"Polygon","coordinates":[[[-77.04488990866983,38.919511838325221],[-77.044778410522369,38.919289051065647],[-77.04458871896037,38.919581831253758],[-77.04488990866983,38.919511838325221]]]}},{"type":"Feature","properties":{"id":"DPR_0061","name":"The Park at LeDroit","address":"4th Street NW and V Street NW","type":"SMALL PARK","ward":"1","water":0,"playground":0,"picnic":0,"benches":0,"pool":0,"garden":"N"},"geometry":{"type":"Polygon","coordinates":[[[-77.015658498626252,38.917818296898773],[-77.015599218641299,38.917824124210327],[-77.015539927109572,38.917829924468364],[-77.015529480191091,38.917831015865488],[-77.015480647111133,38.917835778744767],[-77.015477164799833,38.917836121522733],[-77.015421367087285,38.917841560924479],[-77.015362075522802,38.917847343075607],[-77.015332429737882,38.917850238644043],[-77.015302783948613,38.917853125196608],[-77.015335437794349,38.918057474904167],[-77.015152246242735,38.918072821975841],[-77.015164564421525,38.918140896333206],[-77.015171987657524,38.918181883274002],[-77.015179099200807,38.918221176688398],[-77.015179399355617,38.918222798148889],[-77.015187446038894,38.918267298256005],[-77.015193472388461,38.918300574245194],[-77.015199487199041,38.918333787177097],[-77.015144209041907,38.918344235010039],[-77.015085690739767,38.918355286793343],[-77.015006520925709,38.918370241808645],[-77.01500855331355,38.918384033301272],[-77.015034662649924,38.918561259831655],[-77.015114975898527,38.91855404280544],[-77.015174337351738,38.918548702179628],[-77.015523495064869,38.918517316331155],[-77.015802832543613,38.918492199692885],[-77.01608216982568,38.918467082386762],[-77.016221832627366,38.918454523484044],[-77.016292079123886,38.918448207878882],[-77.016361495379783,38.918441964414356],[-77.016417362772799,38.918436938937731],[-77.016473230158027,38.918431913434475],[-77.016529097537372,38.918426896912763],[-77.016584964906784,38.918421871355989],[-77.016640832268308,38.918416845772562],[-77.016759543179802,38.918406171950231],[-77.016777001002865,38.918404601995285],[-77.01701095190279,38.918383569750226],[-77.016987840670637,38.918226720062876],[-77.016980945445567,38.918179967829289],[-77.01695238286878,38.917986130714304],[-77.016936305659698,38.91787702413982],[-77.016961558197565,38.917874759385533],[-77.016984147106953,38.91787272022129],[-77.016971413503157,38.917713562874063],[-77.016931678323246,38.917717135938275],[-77.016885866401026,38.917721259375583],[-77.016833493438583,38.917725969281925],[-77.016781120469105,38.917730679164755],[-77.016728747492735,38.917735389024145],[-77.01667637450953,38.917740098860044],[-77.016624001519318,38.917744808672481],[-77.016571628522286,38.917749518461456],[-77.016519255516144,38.917754219218587],[-77.016466870974156,38.917758928962215],[-77.016414497956291,38.917763638680725],[-77.016379582607257,38.917766778480022],[-77.016297183295251,38.917774194850892],[-77.016290450244384,38.917728505533162],[-77.016285622784537,38.917695769929757],[-77.016272768799624,38.917608480988193],[-77.01626432654264,38.917551198182721],[-77.0160899696684,38.917568338154027],[-77.015643612919121,38.917612206286734],[-77.015643636012769,38.917612350416988],[-77.015625867058048,38.917614091402733],[-77.015658498626252,38.917818296898773]]]}},{"type":"Feature","properties":{"id":"DPR_0640","name":"Harrison","address":"U and V Sts., to 13th & 14th Sts., NW","type":"REC CENTER GROUNDS","ward":"1","water":0,"playground":1,"picnic":0,"benches":9,"pool":0,"garden":"N"},"geometry":{"type":"Polygon","coordinates":[[[-77.02996259457116,38.917772777876962],[-77.02996261130076,38.917812594698461],[-77.029962632644271,38.917863392674668],[-77.029962653987781,38.917914190650407],[-77.029962675327567,38.917964979617302],[-77.029962693786999,38.9180089132444],[-77.030103281027124,38.918008877109095],[-77.030325439308285,38.918008819662688],[-77.030546871129474,38.918008761983835],[-77.030694480812286,38.918008723301192],[-77.030768291419193,38.918008703888411],[-77.030821011633904,38.918008689994039],[-77.030887868984067,38.918008672339646],[-77.030954714803158,38.918008654650016],[-77.03102156062215,38.918008636922181],[-77.031088417972214,38.918008619153028],[-77.031155263791121,38.918008601348724],[-77.031155089852646,38.91761046916961],[-77.031088244406916,38.917610486973828],[-77.031021387430073,38.917610504742889],[-77.030954541984272,38.917610522470618],[-77.030887696538343,38.917610540160155],[-77.030820839561414,38.917610557814456],[-77.03076811964101,38.917610571708742],[-77.030694309446162,38.917610591121424],[-77.030546700587394,38.917610629803839],[-77.030406114132575,38.917610666472619],[-77.030325293354792,38.91766560226759],[-77.030169992350679,38.917772724509952],[-77.030103181345794,38.917772741741771],[-77.02996259457116,38.917772777876962]]]}},{"type":"Feature","properties":{"id":"DPR_0023","name":"Jelleff Field","address":"3265 S Street, NW","type":"REC CENTER GROUNDS","ward":"2","water":0,"playground":0,"picnic":0,"benches":0,"pool":1,"garden":"N"},"geometry":{"type":"Polygon","coordinates":[[[-77.065149596185194,38.916081375408076],[-77.065648134117879,38.91643634911734],[-77.065867828015627,38.916332701685327],[-77.066591184776996,38.915991443265114],[-77.067208253985655,38.915782745154516],[-77.067086626552367,38.915560948714905],[-77.066892151317987,38.915206338901768],[-77.066909580184259,38.915200491519805],[-77.066697056283786,38.914815722767912],[-77.066677846149091,38.914815544556745],[-77.066239991147029,38.914811460588822],[-77.066348368277033,38.914998547327485],[-77.065694905629869,38.91537493358544],[-77.065149596185194,38.916081375408076]]]}},{"type":"Feature","properties":{"id":"DPR_0311","name":"Anna J. Cooper Circle","address":"T and 3rd Streets, NW","type":"CIRCLE","ward":"1","water":0,"playground":0,"picnic":0,"benches":0,"pool":0,"garden":"N"},"geometry":{"type":"Polygon","coordinates":[[[-77.015724183067874,38.915794485011325],[-77.015699452710521,38.915792971826214],[-77.015674835078059,38.915795774053201],[-77.015651077484918,38.915802806625443],[-77.015628901137404,38.915813856055998],[-77.015608979240184,38.915828586918671],[-77.015591916559814,38.915846552030487],[-77.015578231065959,38.915867206026775],[-77.015568338207501,38.915889921916708],[-77.015562538300685,38.915914010116829],[-77.015561007412586,38.915938739384629],[-77.015563792016181,38.915963359016779],[-77.015570807579593,38.915987121638139],[-77.015581841132246,38.916009305889766],[-77.015596557729936,38.916029238327063],[-77.015614510622726,38.916046313863504],[-77.015635154816877,38.916060014139127],[-77.015657863619126,38.916069923256366],[-77.015681947661179,38.916075740405375],[-77.015706675826749,38.91607728899568],[-77.015731297445953,38.91607452201692],[-77.015755065083368,38.916067523465919],[-77.015779049142836,38.916068063823673],[-77.015802776784284,38.916064524596905],[-77.015825559144474,38.916057008536818],[-77.015846734803631,38.916045733850403],[-77.015865688987944,38.916031027865493],[-77.015881871417605,38.916013317527693],[-77.015894812282738,38.915993117005307],[-77.015904135882835,38.915971012761915],[-77.015909571534209,38.9159476465301],[-77.015910961428503,38.91592369668065],[-77.015908265214136,38.915899858527972],[-77.015901561167908,38.915876824143695],[-77.015891043922352,38.915855262264358],[-77.015877018815161,38.915835798876593],[-77.015859893024668,38.91581899904341],[-77.015840163748535,38.915805350499241],[-77.01581840376906,38.915795249489982],[-77.015795244824133,38.915788989269139],[-77.015771359266566,38.915786751584072],[-77.015747440544231,38.915788601399477],[-77.015724183067874,38.915794485011325]]]}},{"type":"Feature","properties":{"id":"DPR_0145","name":"Triangle Park RES 0145","address":"New Hampshire Ave.,17th St.,T St.,NW","type":"TRIANGLE","ward":"2","water":0,"playground":0,"picnic":0,"benches":0,"pool":0,"garden":"N"},"geometry":{"type":"Polygon","coordinates":[[[-77.038390981038987,38.915512220605052],[-77.038390822166889,38.915217098562387],[-77.03811425573123,38.915512311200445],[-77.038390981038987,38.915512220605052]]]}},{"type":"Feature","properties":{"id":"DPR_0464","name":"Harry Thomas","address":"Lincoln Rd. and 2nd St., to R and T Sts., NE","type":"REC CENTER GROUNDS","ward":"5","water":1,"playground":1,"picnic":0,"benches":0,"pool":1,"garden":"N"},"geometry":{"type":"Polygon","coordinates":[[[-77.006721495640605,38.915204015698691],[-77.006896370827036,38.915217518008582],[-77.007018792721581,38.915226969469245],[-77.007030832867002,38.915131741630468],[-77.007083297686563,38.915135792211984],[-77.007693031573623,38.915182876251983],[-77.007731102705449,38.915048199121067],[-77.00775013245314,38.914980869558391],[-77.007769139109627,38.914913594043327],[-77.007806679940714,38.914782511242464],[-77.007883455517231,38.914514363945294],[-77.00792201021747,38.914379713727932],[-77.0079656131566,38.914227397801369],[-77.007996687199508,38.91411887224028],[-77.008009342698131,38.914074667462096],[-77.008053072051339,38.913921928093821],[-77.008072377917912,38.913854535387316],[-77.00728383846959,38.913779998180175],[-77.007275036198592,38.913848326970701],[-77.007203202289375,38.914311711286366],[-77.007155027367574,38.914307156028585],[-77.00702875559881,38.914295209631561],[-77.006980569168775,38.914290654302555],[-77.006917375436373,38.914698384386696],[-77.006742927866142,38.914681882306304],[-77.006683614095707,38.914676264513218],[-77.006627782597519,38.914670988809306],[-77.006612550584549,38.914669539330411],[-77.006593158811384,38.914822772225733],[-77.006546620519487,38.915190504118698],[-77.006544028004157,38.915210998227145],[-77.006648957710496,38.915219099803579],[-77.006651550195883,38.915198605692837],[-77.006721495640605,38.915204015698691]]]}},{"type":"Feature","properties":{"id":"DPR_0043","name":"Westminster Playground","address":"907 Westminster St., NW","type":"PARK","ward":"1","water":0,"playground":1,"picnic":0,"benches":0,"pool":0,"garden":"N"},"geometry":{"type":"Polygon","coordinates":[[[-77.024726791032933,38.914927297621446],[-77.024660893610374,38.914927311548837],[-77.024594996187886,38.914927325439059],[-77.024529098765242,38.91492733929212],[-77.024529176680886,38.915153862893838],[-77.024595074312799,38.915153849040756],[-77.024660971944598,38.915153835150477],[-77.024726869576469,38.915153821223036],[-77.024792767208311,38.915153807258434],[-77.024792688455477,38.91492728365688],[-77.024726791032933,38.914927297621446]]]}},{"type":"Feature","properties":{"id":"DPR_0168","name":"Triangle Park RES 0168","address":"Vermont Ave. & 11th St., north of S St., NW","type":"SMALL PARK","ward":"1","water":0,"playground":0,"picnic":0,"benches":0,"pool":0,"garden":"N"},"geometry":{"type":"Polygon","coordinates":[[[-77.02690640713088,38.914765755970414],[-77.026855447700143,38.914795865819009],[-77.026806449250515,38.914829071518795],[-77.026836040718294,38.914839613487864],[-77.026916039975035,38.914839595086022],[-77.026910951029834,38.914768007008064],[-77.026910858301221,38.914767512274231],[-77.026910684019697,38.914767040060184],[-77.026910433109109,38.914766603707072],[-77.026910112658285,38.914766215542897],[-77.026909731720693,38.914765886534212],[-77.026909301058737,38.91476562597628],[-77.026908832839609,38.914765441230479],[-77.026908340291612,38.914765337516307],[-77.026907837330384,38.914765317763937],[-77.026907338165742,38.914765382531414],[-77.026906856900283,38.914765529988912],[-77.02690640713088,38.914765755970414]]]}},{"type":"Feature","properties":{"id":"DPR_0052","name":"DPR Warehouse","address":"1325 S STREET NW","type":"ADMIN","ward":"1","water":0,"playground":0,"picnic":0,"benches":0,"pool":0,"garden":"N"},"geometry":{"type":"Polygon","coordinates":[[[-77.030346757723549,38.914805279417585],[-77.030555876461406,38.914805224916449],[-77.030596429538235,38.914805214304067],[-77.030638608427836,38.914805203251305],[-77.030680775786834,38.914805192186293],[-77.03072295467642,38.914805181103077],[-77.030765133566007,38.914805170004634],[-77.030765061310376,38.914637678018345],[-77.030722882519839,38.914637689116802],[-77.030680703729288,38.914637700199997],[-77.030638536469326,38.914637711264938],[-77.030596357678775,38.914637722317671],[-77.030555804697201,38.914637732930046],[-77.0305557999922,38.914626751768587],[-77.030765056573131,38.914626696856907],[-77.03076504235753,38.91459374436414],[-77.030555785873261,38.914593799275799],[-77.03055577646326,38.914571836952746],[-77.030624440887991,38.914571818975595],[-77.030694731120278,38.914571800530972],[-77.030765032883082,38.914571782041079],[-77.030764884821167,38.914228564429465],[-77.030694583396667,38.914228582919286],[-77.03062429350264,38.914228601363796],[-77.03055562940834,38.914228619340847],[-77.030346512361163,38.914228673841535],[-77.030332987091171,38.914228677353641],[-77.030333124595288,38.914551959518235],[-77.030333127235266,38.914558166261742],[-77.030346652567744,38.914558162749614],[-77.030346615334963,38.914551956015082],[-77.030346629199897,38.914503247932977],[-77.030555747052148,38.914503193432083],[-77.030555764698818,38.91454437954458],[-77.03038793760922,38.914544423313821],[-77.030387961008898,38.914599338130031],[-77.030346670093678,38.914599348861735],[-77.030346757723549,38.914805279417585]]]}},{"type":"Feature","properties":{"id":"DPR_0672","name":"Mitchell Playground","address":"23rd & S Sts., NW","type":"PARK","ward":"2","water":2,"playground":1,"picnic":4,"benches":22,"pool":0,"garden":"N"},"geometry":{"type":"Polygon","coordinates":[[[-77.049077140839387,38.914606270105367],[-77.049156824340557,38.914767485852252],[-77.049950612561432,38.914767149204053],[-77.050540805318022,38.914766895406146],[-77.050540425879575,38.914231475993432],[-77.049950237553702,38.914231729789428],[-77.049076883260142,38.914231964759466],[-77.049077140839387,38.914606270105367]]]}},{"type":"Feature","properties":{"id":"DPR_0144","name":"S Street Dog Park","address":"New Hampshire Ave.,17th St.,S St.,NW","type":"TRIANGLE","ward":"2","water":0,"playground":0,"picnic":0,"benches":0,"pool":0,"garden":"N"},"geometry":{"type":"Polygon","coordinates":[[[-77.039044618143379,38.914178274698493],[-77.038581726786532,38.914178428465178],[-77.038581993867993,38.91467211229903],[-77.039044618143379,38.914178274698493]]]}},{"type":"Feature","properties":{"id":"DPR_0042","name":"Arboretum","address":"24th St. and Rand Pl., NE","type":"REC CENTER GROUNDS","ward":"5","water":0,"playground":1,"picnic":7,"benches":0,"pool":0,"garden":"N"},"geometry":{"type":"Polygon","coordinates":[[[-76.970889149095299,38.913736935842046],[-76.970718662445833,38.913956552563668],[-76.970686694640889,38.913997730669919],[-76.97055883458232,38.914162443007342],[-76.97052686659282,38.914203621068317],[-76.9703457408595,38.914436963249621],[-76.970706646391164,38.914437054278338],[-76.970854260213059,38.914437091188766],[-76.971001874035096,38.914437127912706],[-76.971149476326758,38.914437164447321],[-76.971297090149122,38.914437200798297],[-76.971444703971528,38.914437236962812],[-76.971592306263702,38.914437272938059],[-76.971739920086421,38.91443730872961],[-76.971866444573195,38.914437339259273],[-76.971866536630486,38.914203951277791],[-76.971866552875824,38.914162765162366],[-76.971866585366442,38.914080392930579],[-76.971866617857003,38.913998020697569],[-76.971866634102241,38.913956834580617],[-76.97186672074325,38.913737175284822],[-76.971740197498576,38.913737144755437],[-76.971641785406035,38.913737120914419],[-76.971641801781061,38.913695934795513],[-76.971641823614405,38.913641019969837],[-76.971655896157444,38.913627294676239],[-76.971655956172697,38.913476269893998],[-76.97165597253948,38.913435083773088],[-76.971596222181731,38.913435069264899],[-76.971525933069202,38.913435052158633],[-76.971514080380231,38.913450546035982],[-76.971500297392851,38.913464350952857],[-76.971484822378343,38.913476228258837],[-76.971467232915032,38.913486759927316],[-76.971448586316555,38.913495281055539],[-76.971412482546214,38.913505759083371],[-76.971375124287533,38.913509958107959],[-76.971337595320023,38.913507756313749],[-76.971300984375574,38.913499217575747],[-76.971276586489807,38.913489344036869],[-76.971253799827579,38.913476171655759],[-76.97123833437486,38.913464286792653],[-76.97122456242333,38.913450475074811],[-76.971212722201429,38.913434975418546],[-76.971123557879721,38.913434953418772],[-76.971091590542258,38.913476131639761],[-76.970921105136,38.913695757675576],[-76.970889149095299,38.913736935842046]]]}},{"type":"Feature","properties":{"id":"DPR_057C","name":"Decatur Terrace Steps and Fountain ","address":"22nd St., between Decatur Pl. & S St., NW","type":"SMALL PARK","ward":"2","water":0,"playground":0,"picnic":0,"benches":0,"pool":0,"garden":"N"},"geometry":{"type":"Polygon","coordinates":[[[-77.048941144736617,38.913574476013693],[-77.048842732877873,38.913574517193815],[-77.048836698687765,38.913583852908843],[-77.048829204045006,38.913592062498068],[-77.048820455233511,38.913598919999288],[-77.048810693057163,38.913604236665378],[-77.048800186211864,38.91360786615946],[-77.048789223889941,38.91360970858269],[-77.048778107820326,38.91360971322387],[-77.048767143963715,38.913607879955258],[-77.048756634091319,38.913604259236074],[-77.048746867478741,38.913598950723639],[-77.048738112944022,38.913592100530423],[-77.048730611448534,38.913583897202379],[-77.048724569464824,38.913574566529405],[-77.048627518191594,38.9135746069609],[-77.048630813507117,38.913875493125936],[-77.048730275051057,38.913875451686692],[-77.048733934966734,38.913866129987028],[-77.048739122825268,38.913857564055029],[-77.048745688312707,38.913850002081595],[-77.048753441199352,38.913843663168763],[-77.048762156851652,38.913838730981375],[-77.048771582740656,38.91383534842555],[-77.048781445758891,38.913833613508096],[-77.048791460133444,38.913833576496828],[-77.048801335705932,38.913835238464124],[-77.0488107863397,38.913838551255822],[-77.048819538210296,38.913843418886493],[-77.048827337739411,38.913849700320483],[-77.048833958942026,38.913857213558359],[-77.048839209974162,38.913865740910161],[-77.048842938691465,38.913875035302809],[-77.048941350964867,38.913874994122502],[-77.048941144736617,38.913574476013693]]]}},{"type":"Feature","properties":{"id":"DPR_0022","name":"10th and French Street Park","address":"10th & French St. NW","type":"SMALL PARK","ward":"6","water":0,"playground":0,"picnic":0,"benches":0,"pool":0,"garden":"N"},"geometry":{"type":"Polygon","coordinates":[[[-77.02566143855779,38.913547919626772],[-77.02566145337785,38.91358910574715],[-77.025661468197924,38.913630291867214],[-77.025661483018041,38.913671477986973],[-77.025844228399635,38.913671437706853],[-77.025844213473988,38.913630251587115],[-77.025844198548384,38.913589065467065],[-77.02584418362278,38.913547879346723],[-77.025844168697205,38.913506693226033],[-77.025844153771629,38.913465507105037],[-77.025844138846082,38.913424320983758],[-77.025650843813992,38.913424363580461],[-77.025650858627912,38.913465549701804],[-77.025650873441862,38.9135067358228],[-77.025661423737745,38.913506733506075],[-77.02566143855779,38.913547919626772]]]}},{"type":"Feature","properties":{"id":"DPR_0325","name":"Book Hill Park","address":"Wisconsin Ave. and R St., NW","type":"PARK","ward":"2","water":0,"playground":0,"picnic":0,"benches":0,"pool":0,"garden":"N"},"geometry":{"type":"Polygon","coordinates":[[[-77.065703215139436,38.913305353064032],[-77.065766597433949,38.913305317405467],[-77.065773126964871,38.913096410300092],[-77.066212305565131,38.913096873909538],[-77.066171675628595,38.913013002243623],[-77.06607218634403,38.912807560257178],[-77.065972686094099,38.912602109176454],[-77.065959031286482,38.91257392077484],[-77.065752628290923,38.912598566826546],[-77.065496028004972,38.912629213193391],[-77.065519313639157,38.91267348514733],[-77.065552705938444,38.912736975228007],[-77.065659582450323,38.912940143405422],[-77.065683746124506,38.912986081373944],[-77.065683429059035,38.912992360366161],[-77.065668992519349,38.913279716548253],[-77.065703191503857,38.913279697322359],[-77.065703215139436,38.913305353064032]]]}},{"type":"Feature","properties":{"id":"DPR_0166","name":"Triangle Park RES 0166","address":"Vermont Ave. & 12th St., north of R St., NW","type":"SMALL PARK","ward":"2","water":0,"playground":0,"picnic":0,"benches":0,"pool":0,"garden":"N"},"geometry":{"type":"Polygon","coordinates":[[[-77.027987345829004,38.912719906605545],[-77.027861116392515,38.912936127921355],[-77.027928589368031,38.912959794736913],[-77.027987439965187,38.912959780654475],[-77.027987345829004,38.912719906605545]]]}},{"type":"Feature","properties":{"id":"DPR_0159","name":"Triangle Park RES 0159","address":"Rhode Island Ave.,6th St.,R St.,NW","type":"TRIANGLE","ward":"6","water":0,"playground":0,"picnic":0,"benches":0,"pool":0,"garden":"N"},"geometry":{"type":"Polygon","coordinates":[[[-77.020506482939211,38.912676066093731],[-77.020057241580247,38.912676144080706],[-77.020057281882359,38.912819439733696],[-77.020058282253174,38.912822581283869],[-77.020059763510972,38.912825526781205],[-77.020061688905429,38.912828203147299],[-77.020064010667085,38.912830543980917],[-77.020066671192552,38.912832491205485],[-77.020506482939211,38.912676066093731]]]}},{"type":"Feature","properties":{"id":"DPR_0495","name":"Brentwood Park (Patterson Tract)","address":"6th St., between New York & Florida Aves., NE","type":"PARK","ward":"5","water":0,"playground":0,"picnic":0,"benches":0,"pool":0,"garden":"N"},"geometry":{"type":"Polygon","coordinates":[[[-76.995491794199282,38.907700975407664],[-76.994807407888828,38.908634554078226],[-76.993114808001636,38.909094982275832],[-76.992804989997808,38.909595629418554],[-76.99302890621658,38.91009814645048],[-76.992368679382153,38.910799665974672],[-76.992272622360701,38.910891897861227],[-76.992180854729142,38.910988398504067],[-76.992093565993429,38.911088968623311],[-76.991819395946138,38.911477857892713],[-76.991768928339184,38.911560837712081],[-76.991712801641626,38.91164009945313],[-76.991651288669871,38.911715257846403],[-76.991584688421511,38.911785947567658],[-76.991513324621991,38.911851825013663],[-76.991437544151069,38.911912569972301],[-76.991357715356727,38.911967887179081],[-76.991274226264707,38.912017507752317],[-76.991187482692496,38.912061190500069],[-76.99109790627665,38.912098723092555],[-76.990319288161487,38.912343021433138],[-76.990434388945303,38.912350805921278],[-76.990549749711889,38.912351631889528],[-76.990664950161474,38.912345496328598],[-76.990779570578354,38.912332421592488],[-76.990893193360122,38.912312455317057],[-76.991005404539081,38.912285670246455],[-76.991115795290511,38.912252163968098],[-76.991223963422144,38.912212058557124],[-76.991329514839492,38.912165500131621],[-76.991432064981709,38.912112658320289],[-76.991531240222585,38.912053725644398],[-76.991626679231899,38.911988916816377],[-76.99171803429185,38.911918467957534],[-76.991804972563884,38.911842635737806],[-76.991887177301322,38.911761696440593],[-76.991964349003453,38.911675944956173],[-76.992036206506683,38.911585693707316],[-76.992310387317332,38.911196794929211],[-76.992401174571711,38.911079584514894],[-76.992497252931216,38.91096667058477],[-76.992598419336161,38.910858291780158],[-76.992704459973396,38.910754677157463],[-76.992815150728177,38.910656045704123],[-76.992930257657804,38.910562605875718],[-76.993049537486101,38.910474555155446],[-76.993172738117565,38.910392079636729],[-76.993299599170143,38.910315353629919],[-76.993429852525537,38.910244539293885],[-76.993563222895929,38.910179786293305],[-76.993699428405691,38.910121231482329],[-76.993838181187257,38.910068998615387],[-76.993979187989396,38.910023198085575],[-76.994122150797082,38.909983926691403],[-76.995765982182945,38.909536751510373],[-76.996806615955904,38.908117195363197],[-76.995727170787333,38.907649645674191],[-76.995491794199282,38.907700975407664]]]}},{"type":"Feature","properties":{"id":"DPR_0157","name":"Carter G. Woodson Memorial Park","address":"Rhode Island Ave.,9th St.,Q St.,NW","type":"TRIANGLE","ward":"6","water":0,"playground":0,"picnic":0,"benches":0,"pool":0,"garden":"N"},"geometry":{"type":"Polygon","coordinates":[[[-77.024706432809083,38.911213614052357],[-77.024102491029041,38.911213740206144],[-77.024102554820118,38.911402491986848],[-77.024104174441192,38.911406319204431],[-77.024106387458374,38.911409836777707],[-77.024109136466691,38.911412953461856],[-77.024112350157679,38.911415588411025],[-77.024115945169129,38.911417673275409],[-77.024119828247521,38.911419153974251],[-77.024123898666943,38.911419992098658],[-77.024128050841938,38.911420165907927],[-77.024132177066306,38.911419670893501],[-77.024136170307017,38.911418519895904],[-77.024707495726261,38.911219838592146],[-77.024707992347587,38.911219668746035],[-77.024708454094792,38.91121941920656],[-77.024708868284051,38.911219096828368],[-77.024709223537897,38.911218710466954],[-77.024709510097779,38.911218270735354],[-77.024709720092105,38.911217789712673],[-77.024709847752504,38.911217280612227],[-77.024709889572236,38.911216757418629],[-77.024709844402565,38.911216234503584],[-77.024709713484228,38.911215726231184],[-77.024709500413479,38.911215246563287],[-77.024709211043216,38.911214808675986],[-77.024708853322196,38.911214424597723],[-77.024708437076754,38.911214104878837],[-77.024707973740831,38.911213858301743],[-77.024707476041897,38.911213691639745],[-77.024706957651389,38.911213609470913],[-77.024706432809083,38.911213614052357]]]}},{"type":"Feature","properties":{"id":"DPR_0660","name":"Stead","address":"1625 P STREET NW","type":"REC CENTER GROUNDS","ward":"2","water":1,"playground":1,"picnic":1,"benches":8,"pool":0,"garden":"N"},"geometry":{"type":"Polygon","coordinates":[[[-77.037938162891578,38.909776055496174],[-77.037223708896732,38.909776285308759],[-77.037224155821278,38.910698856739344],[-77.037259304764902,38.910709826706338],[-77.037938624898985,38.910709608093036],[-77.037938162891578,38.909776055496174]]]}},{"type":"Feature","properties":{"id":"DPR_0472","name":"Volta Park Recreation Center","address":"1555 34TH STREET NW","type":"REC CENTER GROUNDS","ward":"2","water":2,"playground":1,"picnic":5,"benches":0,"pool":1,"garden":"N"},"geometry":{"type":"Polygon","coordinates":[[[-77.066466488494413,38.910297693096147],[-77.066467913569682,38.910329843071942],[-77.066469633701701,38.910369298648099],[-77.066478318559874,38.910409479937393],[-77.066479835506101,38.910416487567261],[-77.066483418448868,38.910462905533855],[-77.066489430518118,38.910542472829235],[-77.066499794207388,38.910590121078656],[-77.066500241400675,38.910612200278791],[-77.066501570385498,38.910677293825891],[-77.066698268594195,38.910674839534288],[-77.066944245113689,38.910671780152995],[-77.066998988550054,38.91067110017314],[-77.067119936021314,38.91066958941979],[-77.067197243254782,38.910668635140603],[-77.067242924265628,38.910668059350044],[-77.067288605284162,38.910667492549898],[-77.06743618655949,38.910665659843616],[-77.06777352502948,38.910661455938957],[-77.06776931697091,38.910455554624754],[-77.067767055234981,38.910344365923855],[-77.067765120457864,38.910249644287667],[-77.067756715983279,38.909837832604858],[-77.067435200090785,38.909841838157242],[-77.06718923798438,38.909844898565908],[-77.066943264335492,38.909847967471755],[-77.066697290657032,38.909851026851435],[-77.066451328487204,38.909854085706691],[-77.066454312763227,38.910000496665447],[-77.06645498961467,38.910033962287265],[-77.066455799153559,38.910073715659109],[-77.06645972542664,38.910265897482162],[-77.06646506368908,38.910265831387058],[-77.066466488494413,38.910297693096147]]]}},{"type":"Feature","properties":{"id":"DPR_0709","name":"Hardy","address":"Foxhall Rd. and Q St., NW","type":"REC CENTER GROUNDS","ward":"3","water":0,"playground":1,"picnic":3,"benches":8,"pool":0,"garden":"N"},"geometry":{"type":"Polygon","coordinates":[[[-77.083821637983192,38.908694638834838],[-77.08370105065552,38.908862352659241],[-77.083643727580366,38.908834783119637],[-77.083229627929384,38.908991553875261],[-77.083288910430767,38.909077865666433],[-77.083355087449249,38.909173721357725],[-77.083467230371724,38.909325972479017],[-77.083193871011005,38.90944327597947],[-77.083583986427342,38.90997079667094],[-77.084259914057895,38.909661838300288],[-77.084491450982668,38.90997985495811],[-77.084523489039157,38.909986804246579],[-77.084671461836365,38.910190051547481],[-77.085187896112757,38.90996877344547],[-77.085883541432082,38.909303231842529],[-77.084881943904634,38.908963628360524],[-77.084661232384178,38.90886695774963],[-77.084615164446049,38.90888044959668],[-77.084597898376089,38.908904379268392],[-77.084506350758758,38.90886352959545],[-77.084416187551838,38.908988918935108],[-77.083821637983192,38.908694638834838]]]}},{"type":"Feature","properties":{"id":"DPR_0020","name":"Kennedy","address":"P St., between 6th and 7th Sts., NW","type":"REC CENTER GROUNDS","ward":"6","water":0,"playground":1,"picnic":0,"benches":6,"pool":0,"garden":"N"},"geometry":{"type":"MultiPolygon","coordinates":[[[[-77.021345164068023,38.90953637341017],[-77.021766875699157,38.909536295600184],[-77.021766858938733,38.909481380731656],[-77.021766842178323,38.909426465862651],[-77.021766825417942,38.909371550993043],[-77.021766808657588,38.909316636122881],[-77.021766791897264,38.909261721252179],[-77.021766775136953,38.909206806380958],[-77.021766758376671,38.909151891509154],[-77.021766741616432,38.90909697663681],[-77.021766724856192,38.909042061763905],[-77.021766708095981,38.908987146890453],[-77.021766691335813,38.90893223201649],[-77.021766674575659,38.908877317141958],[-77.021766657815533,38.908822402266857],[-77.02176664105545,38.908767487391231],[-77.021766624295367,38.908712572515057],[-77.021344917534449,38.908712650324169],[-77.021274633074313,38.908712663144364],[-77.021204348614035,38.908712675922303],[-77.021134064153756,38.908712688657928],[-77.021063779693435,38.908712701351291],[-77.020993495233085,38.908712714002363],[-77.020923210772722,38.908712726611185],[-77.020852926312344,38.908712739177702],[-77.020782641851923,38.90871275170197],[-77.020712357391488,38.908712764183917],[-77.020642072931111,38.908712776623602],[-77.020571788470605,38.908712789021003],[-77.020571895392109,38.909083464425692],[-77.020571919152573,38.909165836734481],[-77.020572026075428,38.909536512108581],[-77.020642311347615,38.909536499711059],[-77.020712596619703,38.909536487271239],[-77.020782881891847,38.909536474789135],[-77.020853167163949,38.909536462264747],[-77.020923452436051,38.909536449698059],[-77.020993737708125,38.909536437089116],[-77.021064022980184,38.909536424437889],[-77.021134308252201,38.909536411744362],[-77.021204593524203,38.90953639900858],[-77.021274878796163,38.909536386230528],[-77.021345164068023,38.90953637341017]]],[[[-77.020079797246524,38.908712874619027],[-77.020079811741539,38.908764357315683],[-77.020079826236582,38.908815840011826],[-77.020079840731654,38.908867322707515],[-77.020079855226726,38.90891880540272],[-77.020079869721854,38.908970288097457],[-77.020079884216955,38.909021770791689],[-77.020079898712112,38.909073253485452],[-77.020079913207283,38.90912473617874],[-77.020079927702469,38.909176218871522],[-77.020079942197668,38.909227701563822],[-77.020079956692911,38.909279184255674],[-77.020079971188153,38.909330666947007],[-77.020079985683438,38.909382149637878],[-77.020080000178723,38.909433632328266],[-77.020080014674036,38.909485115018171],[-77.020080029169378,38.909536597707579],[-77.020396312894817,38.909536542917486],[-77.020501740803212,38.909536524463867],[-77.020501713573267,38.909441801720071],[-77.02050171120375,38.909433559084661],[-77.020501696404082,38.909382076394316],[-77.020501681604401,38.909330593703515],[-77.020501666804762,38.909279111012218],[-77.020501652005137,38.909227628320444],[-77.020501637205541,38.909176145628159],[-77.020501622405973,38.90912466293544],[-77.020501607606406,38.90907318024221],[-77.02050159280688,38.909021697548489],[-77.020501578007355,38.908970214854286],[-77.020501563207873,38.908918732159641],[-77.020501548408404,38.908867249464471],[-77.020501533608936,38.908815766768832],[-77.020501518809525,38.908764284072724],[-77.020501504010113,38.908712801376126],[-77.020079797246524,38.908712874619027]]]]}},{"type":"Feature","properties":{"id":"DPR_0633","name":"Bundy Field","address":"New Jersey Ave., between O and P Sts., NW","type":"PARK","ward":"6","water":0,"playground":0,"picnic":0,"benches":0,"pool":0,"garden":"N"},"geometry":{"type":"Polygon","coordinates":[[[-77.018384584551498,38.908699145711154],[-77.018326602188296,38.908699154821356],[-77.018251037183575,38.908699166650962],[-77.018175483708518,38.908699178429899],[-77.018099930233362,38.908699190159993],[-77.018024376758262,38.908699201841195],[-77.017948823283049,38.908699213473589],[-77.017873546518302,38.908699225014772],[-77.017798269753499,38.908699236507424],[-77.017722992988681,38.908699247951631],[-77.017647716223848,38.908699259347294],[-77.01757245098851,38.908699270692729],[-77.017548723069709,38.908699274259426],[-77.017548824410582,38.90911111780585],[-77.016842459326,38.909111221776797],[-77.016842469050587,38.909152398923105],[-77.0168229493121,38.909152401735618],[-77.016805378088492,38.909152404264574],[-77.016766722318351,38.909166138537472],[-77.016766748139659,38.909275968281548],[-77.016752693442427,38.909275970297813],[-77.016752751491993,38.909523087213849],[-77.01682303675156,38.909523077113825],[-77.016893322011114,38.909523066971481],[-77.016963607270554,38.909523056786853],[-77.017019837784147,38.909523048608385],[-77.017076068297641,38.90952304040286],[-77.01713228728147,38.909523032171968],[-77.017188517795006,38.909523023912328],[-77.017244748308471,38.909523015625602],[-77.017291397612823,38.909523008730361],[-77.017338046917246,38.909523001816467],[-77.017384707751361,38.909522994882238],[-77.01745499301073,38.909522984402017],[-77.017525278270114,38.909522973879547],[-77.017577992214555,38.909522965959923],[-77.017631582418886,38.909522957884292],[-77.017685172623175,38.90952294978409],[-77.017738762827477,38.909522941659269],[-77.017792364561416,38.909522933508136],[-77.017845954765662,38.90952292533418],[-77.017899544969922,38.909522917135654],[-77.017953135174068,38.9095229089125],[-77.018006725378285,38.909522900664811],[-77.018085796294912,38.909522888450667],[-77.018164867211425,38.909522876183011],[-77.018243938127981,38.909522863861824],[-77.018323020574215,38.909522851485306],[-77.018384796889549,38.909522841780024],[-77.018384701333687,38.909152166403025],[-77.018384680106152,38.909069821118685],[-77.018384584551498,38.908699145711154]]]}},{"type":"Feature","properties":{"id":"DPR_0361","name":"Rose Park","address":"Rock Creek, between National Zoological Park & Theodore Roosevelt Bridge, NW","type":"REC CENTER GROUNDS","ward":"2","water":1,"playground":1,"picnic":0,"benches":8,"pool":0,"garden":"N"},"geometry":{"type":"Polygon","coordinates":[[[-77.054653750210264,38.909316420202487],[-77.05465311900663,38.908492697208665],[-77.055095093378696,38.908492489623228],[-77.055095070950912,38.908463455727698],[-77.055727640311872,38.908463155715246],[-77.055727378577444,38.908128171393031],[-77.055200237997823,38.908128421640995],[-77.055200046745014,38.907881304703338],[-77.055246827164183,38.907798910246434],[-77.05520086847109,38.907766177611933],[-77.055303889511706,38.907431126386051],[-77.055141089636663,38.90738021607558],[-77.054962588662278,38.907765380107911],[-77.054801262308061,38.908087360235449],[-77.054611576434795,38.908355177173775],[-77.05449903430349,38.90847298685329],[-77.054252199409063,38.908687293221952],[-77.054080283274189,38.908811246713874],[-77.053925974417709,38.908953244552357],[-77.053856394536652,38.90906214252297],[-77.053821868381462,38.90919123903759],[-77.053830149224268,38.90931680256881],[-77.053894669420004,38.90931677282412],[-77.054653750210264,38.909316420202487]]]}},{"type":"Feature","properties":{"id":"DPR_0666","name":"Deanwood","address":"49th and Quarles Sts., NE","type":"REC CENTER GROUNDS","ward":"7","water":0,"playground":1,"picnic":1,"benches":6,"pool":1,"garden":"N"},"geometry":{"type":"Polygon","coordinates":[[[-76.932620291435313,38.907307202463947],[-76.931820787066485,38.907306738665838],[-76.93176810936167,38.907306707915019],[-76.931767404686653,38.908043365353009],[-76.931820075642264,38.908051026172139],[-76.931819625731492,38.908509649983451],[-76.932017394900711,38.908664402536139],[-76.932901627677595,38.908794129418787],[-76.933594552875164,38.908254528825204],[-76.93359539594347,38.907348946903312],[-76.93262025252973,38.9073483886216],[-76.932620291435313,38.907307202463947]]]}},{"type":"Feature","properties":{"id":"DPR_0191","name":"NJ and O Sts Park","address":"1301 New Jersey Avenue, NW","type":"PARK","ward":"6","water":0,"playground":0,"picnic":0,"benches":0,"pool":0,"garden":"N"},"geometry":{"type":"Polygon","coordinates":[[[-77.016106233315568,38.908247497252084],[-77.016191686319061,38.908484404961428],[-77.01687836422748,38.908484307769932],[-77.0168782444523,38.907978209840302],[-77.016519792780343,38.907978261078568],[-77.016062948487289,38.907978324787472],[-77.016062952896249,38.907997899925903],[-77.016015935645584,38.907997906381254],[-77.016062809178948,38.908127656180675],[-77.01610620624939,38.908127650205628],[-77.016106233315568,38.908247497252084]]]}},{"type":"Feature","properties":{"id":"DPR_0639","name":"Francis","address":"25th and N Sts., NW","type":"POOL/SPRAY PARK","ward":"2","water":0,"playground":1,"picnic":0,"benches":0,"pool":1,"garden":"Y"},"geometry":{"type":"MultiPolygon","coordinates":[[[[-77.053451881447813,38.905915135212226],[-77.05345204606202,38.906134794793708],[-77.053452234339403,38.906386028627622],[-77.053452328319921,38.906511433844116],[-77.053452410277217,38.906620795190001],[-77.053452422624815,38.906637271458472],[-77.053452612795155,38.906891027606832],[-77.053452802973581,38.907144792751872],[-77.053570321610493,38.907144729917128],[-77.05363667737933,38.907089427172977],[-77.053698450728177,38.907029048907518],[-77.053755254536824,38.906963973498257],[-77.053763501652199,38.906953520016707],[-77.053764814724516,38.906951834850915],[-77.053772946401352,38.90694119224645],[-77.053774086655721,38.906939669310404],[-77.053782160486179,38.906928765489717],[-77.053783116427454,38.906927449830434],[-77.053791143900142,38.906916230738169],[-77.053791846427231,38.906915221479451],[-77.053799896649963,38.906903597000323],[-77.053800288211605,38.906903020285576],[-77.053808418735841,38.906890864276164],[-77.053816687139971,38.906878086626449],[-77.053847214205391,38.906826390495425],[-77.053874219547282,38.90677277050667],[-77.053874117054178,38.906637077763115],[-77.053932097732144,38.906637051012062],[-77.053984714291417,38.906511189053035],[-77.054026888271451,38.906511169557774],[-77.054026817204118,38.906417347610969],[-77.054026793280755,38.906385764341714],[-77.054026769364256,38.906354190080641],[-77.05402670472499,38.90626885399552],[-77.05402660297969,38.906134530508709],[-77.054026436596132,38.905914870928044],[-77.054284724123363,38.9059147512002],[-77.054425119897914,38.905695026214033],[-77.054249416207242,38.905695107934022],[-77.054249457974578,38.90575002283213],[-77.054026311809139,38.905750126236818],[-77.053803165643117,38.905750229215293],[-77.053803124219357,38.90569531431705],[-77.053732842742548,38.905695346662604],[-77.053451716834658,38.905695475622011],[-77.053451881447813,38.905915135212226]]],[[[-77.053353888558092,38.907308843987401],[-77.053363348913223,38.907317217432187],[-77.053325897636796,38.907342908329561],[-77.053361893362933,38.907375051703404],[-77.053163458605994,38.907510988082365],[-77.053286524785733,38.907620680739676],[-77.053257624438885,38.907641386096067],[-77.053366932955043,38.907808170845655],[-77.053507283391269,38.90785738232146],[-77.053740222470367,38.907594231607298],[-77.054069385780281,38.907135644808335],[-77.05404074516079,38.907087733635954],[-77.053831694487528,38.906995242320448],[-77.053612715022894,38.907144710470902],[-77.053399070015047,38.907290536395038],[-77.053391685552782,38.90728297275593],[-77.053353888558092,38.907308843987401]]]]}},{"type":"Feature","properties":{"id":"DPR_0021","name":"New York Ave Daycare","address":"New York Ave. and 1st St., NW","type":"REC CENTER GROUNDS","ward":"5","water":0,"playground":1,"picnic":0,"benches":1,"pool":0,"garden":"N"},"geometry":{"type":"Polygon","coordinates":[[[-77.012322337782166,38.907132976427697],[-77.013047418472084,38.907132897692712],[-77.013551101093171,38.907132840350243],[-77.013550991531091,38.906556233941942],[-77.01355096022796,38.906391489242807],[-77.013550883709812,38.905988779957539],[-77.013410571390949,38.906037315126319],[-77.013365587482141,38.906052877703345],[-77.013285245848508,38.906080668621151],[-77.013327975526366,38.906155973563678],[-77.013361185155205,38.906308733373997],[-77.013315114413345,38.90630873863438],[-77.013269043671443,38.906308743876622],[-77.013317942999805,38.906391516040877],[-77.013234690444008,38.906391525502649],[-77.01323471173518,38.906506255844882],[-77.013234721016644,38.906556270201868],[-77.013198057986742,38.906556274349853],[-77.013047312981712,38.906556291283941],[-77.01286098703423,38.906227435104014],[-77.012322213521756,38.906413812884473],[-77.012322337782166,38.907132976427697]]]}},{"type":"Feature","properties":{"id":"DPR_0140","name":"Triangle Park RES 0140","address":"New Hampshire Ave.,21st St.,M St.,NW","type":"TRIANGLE","ward":"2","water":0,"playground":0,"picnic":0,"benches":0,"pool":0,"garden":"N"},"geometry":{"type":"Polygon","coordinates":[[[-77.047121876507703,38.905559714790002],[-77.046738640351805,38.905704281633874],[-77.04673881433844,38.90596979373143],[-77.047121876507703,38.905559714790002]]]}},{"type":"Feature","properties":{"id":"DPR_0053","name":"Butler-Wyatt Clubhouse # 2 Boys & Girls Club","address":"120 M STREET NW","type":"SPECIALTY","ward":"6","water":0,"playground":0,"picnic":0,"benches":0,"pool":0,"garden":"N"},"geometry":{"type":"Polygon","coordinates":[[[-77.012755441773749,38.905157218526256],[-77.012755448953143,38.905197359741948],[-77.012702758536307,38.905246785302218],[-77.012702806782869,38.905517657422919],[-77.013036643020698,38.905517620643316],[-77.013036577135054,38.905157187489458],[-77.012755441773749,38.905157218526256]]]}},{"type":"Feature","properties":{"id":"DPR_0002","name":"10th Street Community Park","address":"10th Street NW, between L Street NW and M Street NW","type":"SMALL PARK","ward":"2","water":0,"playground":0,"picnic":0,"benches":0,"pool":0,"garden":"N"},"geometry":{"type":"Polygon","coordinates":[[[-77.024982056541432,38.905186953079095],[-77.025055888469055,38.905186937267125],[-77.025055849068565,38.905173235571844],[-77.025055802431666,38.905040479493152],[-77.025249950949288,38.905040437691412],[-77.025302661580099,38.905040426286668],[-77.025302631149856,38.904954648760359],[-77.02524992058882,38.904954678181802],[-77.025008295901088,38.904954730156483],[-77.024981975198003,38.904954717771304],[-77.024982056541432,38.905186953079095]]]}},{"type":"Feature","properties":{"id":"DPR_0010","name":"10th Street Community Park","address":"10th Street NW, between L Street NW and M Street NW","type":"SMALL PARK","ward":"2","water":0,"playground":0,"picnic":0,"benches":0,"pool":0,"garden":"N"},"geometry":{"type":"Polygon","coordinates":[[[-77.025438796108929,38.904943385773294],[-77.025355337723767,38.904943403917017],[-77.025355341717216,38.904954637331883],[-77.025302631149856,38.904954648760359],[-77.025302661580099,38.905040426286668],[-77.025355372210825,38.905040414858171],[-77.025842957073536,38.905040308014613],[-77.02584292192337,38.904943297073622],[-77.025438796108929,38.904943385773294]]]}},{"type":"Feature","properties":{"id":"DPR_0049","name":"RH Terrell Recreation Center","address":"155 L STREET NW","type":"REC CENTER GROUNDS","ward":"6","water":0,"playground":0,"picnic":0,"benches":0,"pool":0,"garden":"N"},"geometry":{"type":"Polygon","coordinates":[[[-77.012324842486876,38.904614313332551],[-77.014194905855916,38.90461410105538],[-77.013924463354783,38.903863854864859],[-77.013428113088665,38.903863912976959],[-77.013428118258389,38.90389137043973],[-77.013398477651961,38.903891373843301],[-77.013344015487604,38.903891380077447],[-77.013290291168005,38.903891386202268],[-77.013237327750701,38.903891392216181],[-77.013184871601723,38.903891398148801],[-77.013076719704031,38.903891410306159],[-77.013076714669623,38.903863952843373],[-77.012324712828601,38.903864034607423],[-77.012324842486876,38.904614313332551]]]}},{"type":"Feature","properties":{"id":"DPR_0055","name":"Joseph H. Cole Recreation Center","address":"1299 NEAL STREET NE","type":"REC CENTER GROUNDS","ward":"5","water":0,"playground":0,"picnic":0,"benches":0,"pool":0,"garden":"N"},"geometry":{"type":"Polygon","coordinates":[[[-76.986647839978232,38.90349929099429],[-76.986801794340195,38.903565447825152],[-76.986853127894918,38.903587506064127],[-76.986904449952604,38.903609564279201],[-76.98695574898781,38.903631604452336],[-76.987007048052959,38.903653653611237],[-76.987058381736261,38.903675702751322],[-76.987109703920879,38.903697760875886],[-76.98716103766607,38.903719818979063],[-76.987212359914153,38.90374187705833],[-76.987263659139543,38.903763917095766],[-76.987417614643874,38.903830073111976],[-76.987571570433687,38.903896228924474],[-76.987725526509152,38.903962384533351],[-76.987879482870099,38.904028539938537],[-76.988033439516713,38.904094695140067],[-76.988071931605887,38.904111229404762],[-76.988110412182607,38.904127772663884],[-76.98814890430755,38.904144306903092],[-76.988187396448822,38.904160850137941],[-76.988341353666499,38.904227004932117],[-76.988495311169842,38.904293159522666],[-76.988649268958653,38.904359313909481],[-76.988834018682809,38.90443869530155],[-76.989087998182256,38.904077799613226],[-76.989121865764361,38.904029680144994],[-76.989375853879906,38.903668783805379],[-76.98919110554688,38.903589403259161],[-76.989139782796599,38.903567346048526],[-76.98908848313279,38.903545306834118],[-76.989037148917191,38.903523249577155],[-76.988883192573169,38.903457095691465],[-76.9888318700133,38.903435038345073],[-76.988780535954987,38.903412989983245],[-76.988729236514615,38.903390941602126],[-76.988575280741728,38.90332478730911],[-76.988421325254308,38.903258632812417],[-76.988267370052526,38.903192478112096],[-76.988113415136326,38.903126323208063],[-76.987959472032784,38.903060177109936],[-76.987805517687605,38.902994021798619],[-76.987551524031232,38.90335490575977],[-76.987517655710263,38.90340302477864],[-76.987466356665919,38.903380984851324],[-76.987415034598939,38.903358926882177],[-76.987363701034951,38.903336868889177],[-76.987312379029845,38.903314819883136],[-76.987261045529351,38.903292761844853],[-76.987209746645107,38.903270712796058],[-76.987158447791074,38.903248672733007],[-76.98710712591452,38.903226614628068],[-76.987055792539309,38.903204565507629],[-76.986932629462189,38.903151636720217],[-76.986884910162487,38.903162468425293],[-76.986647839978232,38.90349929099429]]]}},{"type":"Feature","properties":{"id":"DPR_0065","name":"Franklin Square","address":"K St., I St., 13th St., and 14th St., NW","type":"LARGE PARK","ward":"2","water":0,"playground":0,"picnic":0,"benches":0,"pool":0,"garden":"N"},"geometry":{"type":"Polygon","coordinates":[[[-77.02978266650328,38.901434154115393],[-77.0297830847299,38.902435775278597],[-77.031794984757568,38.902435245023412],[-77.03179492402225,38.902298993640109],[-77.031794868844628,38.902175209818537],[-77.031794813767604,38.902051651203095],[-77.031794758690765,38.901928092584924],[-77.031794703614153,38.901804533964011],[-77.031794648537698,38.901680975340362],[-77.031794593457434,38.901557407705617],[-77.031794538280977,38.901433623867533],[-77.031530998458749,38.901433695297918],[-77.031355305243594,38.901433742587891],[-77.031179612028296,38.901433789613677],[-77.031003918812701,38.901433836375183],[-77.030848573269182,38.901433877501006],[-77.030795865304427,38.901433891407855],[-77.030640519760681,38.901433932257007],[-77.03046482654436,38.901433978207798],[-77.030289133327912,38.901434023894382],[-77.030113440111151,38.901434069316757],[-77.02984990028564,38.901434136954862],[-77.02978266650328,38.901434154115393]]]}},{"type":"Feature","properties":{"id":"DPR_0064","name":"26th & I Street Playground","address":"26th & I Streets, NW","type":"SMALL PARK","ward":"2","water":0,"playground":1,"picnic":0,"benches":0,"pool":0,"garden":"N"},"geometry":{"type":"Polygon","coordinates":[[[-77.054901888485091,38.902151681766398],[-77.055145947693916,38.902151566813949],[-77.055145749409164,38.901895089927976],[-77.054901691077873,38.90189520487997],[-77.054901888485091,38.902151681766398]]]}},{"type":"Feature","properties":{"id":"DPR_0552","name":"Sherwood","address":"9th and 10th Sts., to F and G Sts., NE","type":"REC CENTER GROUNDS","ward":"6","water":0,"playground":0,"picnic":0,"benches":0,"pool":0,"garden":"N"},"geometry":{"type":"Polygon","coordinates":[[[-76.993605219448469,38.897806586791873],[-76.992790915839009,38.897806539392967],[-76.992790910291063,38.897861454378386],[-76.992790904743117,38.897916369363337],[-76.992790899195128,38.897971284347676],[-76.992790893647168,38.898026199331476],[-76.992790888099179,38.898081114314792],[-76.992790882551191,38.89813602929754],[-76.992790877003188,38.898190944279769],[-76.992790871455156,38.898245859261429],[-76.992790865907153,38.898300774242536],[-76.992790860359136,38.898355689223152],[-76.992790854811091,38.8984106042032],[-76.992790849263045,38.898465519182729],[-76.992790843714985,38.898520434161689],[-76.99279083816694,38.898575349140124],[-76.99279083261888,38.89863026411804],[-76.992790827070792,38.898685179095395],[-76.992790821522703,38.898740094072224],[-76.992790815974615,38.898795009048492],[-76.993163274139704,38.898795031432869],[-76.993232672702121,38.898795035472411],[-76.993309967944839,38.898795039923101],[-76.993383758675492,38.898795044124242],[-76.993457549406145,38.898795048278799],[-76.993531340136826,38.898795052386731],[-76.993605130867465,38.898795056448058],[-76.993605140709946,38.898685226494877],[-76.99360514563115,38.898630311517472],[-76.993605150552355,38.898575396539542],[-76.993605155473546,38.89852048156105],[-76.99360516039475,38.898465566582075],[-76.993605165315941,38.898410651602511],[-76.993605170237103,38.89835573662242],[-76.99360517515828,38.898300821641769],[-76.993605180079456,38.89824590666062],[-76.99360518500059,38.898190991678931],[-76.993605189921752,38.89813607669668],[-76.993605194842871,38.89808116171389],[-76.993605199763991,38.898026246730552],[-76.993605204685124,38.897971331746724],[-76.993605209606244,38.897916416762314],[-76.993605214527349,38.897861501777385],[-76.993605219448469,38.897806586791873]]]}},{"type":"Feature","properties":{"id":"DPR_0041","name":"Rosedale","address":"17th and Gales Sts., NE","type":"REC CENTER GROUNDS","ward":"6","water":0,"playground":1,"picnic":4,"benches":2,"pool":1,"garden":"N"},"geometry":{"type":"Polygon","coordinates":[[[-76.978262078778172,38.896896885595588],[-76.978128529299084,38.897351855178897],[-76.978010695536028,38.897753290823893],[-76.97953271767814,38.898026106417269],[-76.979650554854686,38.89762466925864],[-76.979784083609758,38.897169697955526],[-76.979897983249103,38.896781646236519],[-76.978375986261028,38.896508835341727],[-76.978262078778172,38.896896885595588]]]}},{"type":"Feature","properties":{"id":"DPR_0050","name":"H.D. Woodson Aquatic Center","address":"540 55TH STREET NE","type":"AQUATIC CENTER","ward":"7","water":0,"playground":0,"picnic":0,"benches":0,"pool":1,"garden":"N"},"geometry":{"type":"Polygon","coordinates":[[[-76.922407144456471,38.897340530079532],[-76.922458742813717,38.897340474255834],[-76.922458922077325,38.897440692465963],[-76.922579018687486,38.897440564925859],[-76.922662802739822,38.897440467279068],[-76.92313120027687,38.897439956659873],[-76.923131028315765,38.897342783284508],[-76.923151628464709,38.897342760804044],[-76.923151427764296,38.897229435404419],[-76.923131104313939,38.897229458066874],[-76.923130941648651,38.897134356618643],[-76.923120555146298,38.897134367800568],[-76.923120543769514,38.897123530726269],[-76.923149109533369,38.897123495471362],[-76.923148986392974,38.897055887587264],[-76.923175039078174,38.897055859681174],[-76.923174852559157,38.896950740908771],[-76.923210023634638,38.896950700974273],[-76.923209867922324,38.896859752383968],[-76.923209732481197,38.896782100157637],[-76.923175045650964,38.896782140410387],[-76.923174870602153,38.896677075690604],[-76.923149256106257,38.896677103884819],[-76.92314912299156,38.896608054649732],[-76.923028209321274,38.896608182236669],[-76.923027338645795,38.896122369312764],[-76.922431362430672,38.896123020076807],[-76.922431497875436,38.896199888585564],[-76.922380338391079,38.896199944688327],[-76.922380532638257,38.89630747772501],[-76.92243089679566,38.896307421094029],[-76.922431032367598,38.89638417249153],[-76.922464796796135,38.896384131847562],[-76.922465209036886,38.896609404409205],[-76.922345759363893,38.896609541269804],[-76.922345871303051,38.896676149224277],[-76.922315415182723,38.896676183025541],[-76.922315500847191,38.896724549014962],[-76.922171324068231,38.896724741318486],[-76.922182095234277,38.897006115879122],[-76.922312174470775,38.897005661953479],[-76.922312258328404,38.897055685478584],[-76.922344743498527,38.89705564401838],[-76.922344855201999,38.897122468168249],[-76.922457619633207,38.897122344887549],[-76.922457810983516,38.897232652481776],[-76.922406950479868,38.89723270879513],[-76.922407144456471,38.897340530079532]]]}},{"type":"Feature","properties":{"id":"DPR_343F","name":"Kingman and Heritage Islands","address":"Anacostia River between Benning Rd. and Railroad Bridge","type":"PARK","ward":"7","water":0,"playground":0,"picnic":0,"benches":0,"pool":0,"garden":"N"},"geometry":{"type":"MultiPolygon","coordinates":[[[[-76.965660499854224,38.897230620934856],[-76.965659300701915,38.897207225857422],[-76.96563308380945,38.897141249887682],[-76.965610634038484,38.897152188445553],[-76.965473554834531,38.89713435649211],[-76.965325264382656,38.897058462134176],[-76.965261804082459,38.896964170733867],[-76.965261346171658,38.896862907556475],[-76.965267538384268,38.896693371947038],[-76.965293054975334,38.896491727247962],[-76.965223663104169,38.896269749463258],[-76.965209311384854,38.896033086377145],[-76.965107703176088,38.895711979836136],[-76.964957470514818,38.895372652700239],[-76.964908867642762,38.895168130128091],[-76.964857079362886,38.894925185875834],[-76.964798997528717,38.894588750834352],[-76.964832410642813,38.8944811379044],[-76.964846376992966,38.894350394626848],[-76.96484446377309,38.894092439369338],[-76.964826367034064,38.893879917450789],[-76.96481600299569,38.893718484323045],[-76.964765293474159,38.893558038957117],[-76.964714722324658,38.893491190586055],[-76.964573141528319,38.893337573018023],[-76.964569748039182,38.893230606582748],[-76.964555407224907,38.893023995220716],[-76.964518562399803,38.892800882686252],[-76.964485049687084,38.892553448537598],[-76.964495351519574,38.892374770589555],[-76.964510862934574,38.892174005685916],[-76.964609802501229,38.891956969929502],[-76.96461889345521,38.891732123667303],[-76.964499881047729,38.891565090316874],[-76.964485763259972,38.891467273094662],[-76.964550584936802,38.891268829278431],[-76.964579509431445,38.89107544625557],[-76.96463860972024,38.890884099241923],[-76.96469766046954,38.890699049031795],[-76.964808635262074,38.890427146668067],[-76.964879498376376,38.890268764703883],[-76.964941884537737,38.890119721835404],[-76.965082981221443,38.890049922150375],[-76.965121816279606,38.889927969336419],[-76.965135761756741,38.88988421080343],[-76.965882123703949,38.889125313205213],[-76.966121157152244,38.888813611802746],[-76.966365634475594,38.888563528776253],[-76.966529988060998,38.888319115593028],[-76.966651897842766,38.888155008773985],[-76.966854391969235,38.887930829813229],[-76.967112869987133,38.887551478895176],[-76.967235133569702,38.887364138930977],[-76.967355105346527,38.88717125803786],[-76.967493802675932,38.886961194235447],[-76.967564658068952,38.886748399919412],[-76.967688852727775,38.886567095606942],[-76.967826703877151,38.886388416358521],[-76.967956463863644,38.886156720389415],[-76.968064580909996,38.885994274802023],[-76.968166912954317,38.885854312458662],[-76.96837148033508,38.885607826587488],[-76.968557313289494,38.885526305842902],[-76.968684976239942,38.885310382146876],[-76.968901015437751,38.885153585877163],[-76.969104627002181,38.885001182009056],[-76.969337488346511,38.884799086204239],[-76.969536288594441,38.884654058179159],[-76.969569424782875,38.88462760918906],[-76.969610840898156,38.884509420947168],[-76.969573036629782,38.884455351784204],[-76.969556013786729,38.884372920620393],[-76.969530319540681,38.884354185486842],[-76.969417935750997,38.884374082665772],[-76.969313837857655,38.884369506129737],[-76.969210882085704,38.884442591094533],[-76.967735389555571,38.885533657753435],[-76.966975677761184,38.886098559347808],[-76.966760994595873,38.886298268353841],[-76.966503354144564,38.886593264324844],[-76.966115121056234,38.887009717947159],[-76.965839799234857,38.887342470422631],[-76.965679705943117,38.887547859622877],[-76.965423685413739,38.887906560891821],[-76.96520356639661,38.888242318926409],[-76.964957618736321,38.888640379740117],[-76.9648456956198,38.888855304049038],[-76.964457818016697,38.889740358913521],[-76.96439661081105,38.889927732537672],[-76.964159719644343,38.890702200306251],[-76.963857693289455,38.891642896907747],[-76.963752380168472,38.891990821735639],[-76.963490344219395,38.892814285610982],[-76.963002724580065,38.894376102705877],[-76.962917662089168,38.894736023166871],[-76.96285128027931,38.89508222073075],[-76.962758277607264,38.895567273749499],[-76.962545091188346,38.896747644018966],[-76.962503944472047,38.896975461406925],[-76.965660499854224,38.897230620934856]]],[[[-76.966931163880602,38.890576540142476],[-76.966760753453428,38.890626218012542],[-76.966580961719885,38.890647750784048],[-76.96642247853292,38.890678189680933],[-76.966293486004901,38.890721365710768],[-76.966121495116127,38.8907721231962],[-76.966076391443863,38.890795685025829],[-76.965821125141559,38.890883190044363],[-76.965816329235793,38.890884837173751],[-76.965683304677071,38.891017500549481],[-76.965708448873329,38.891200278857056],[-76.965726204117303,38.891359894454105],[-76.965759914117214,38.891516280715074],[-76.965797057832035,38.891675658747623],[-76.965860040073679,38.89203798496397],[-76.965868271867663,38.892227442473157],[-76.965875506246363,38.892357435413018],[-76.965898057920796,38.892540032711445],[-76.965978098050442,38.892740321183418],[-76.965990571153284,38.892907781450369],[-76.966005226691692,38.893018967045826],[-76.966026427243833,38.893232057243303],[-76.966078477862837,38.893486648949597],[-76.966078109798715,38.893630422447899],[-76.965979742125498,38.893933849824897],[-76.966003338806956,38.894150580071305],[-76.966113437195574,38.894244254068148],[-76.966358284762237,38.894250801852941],[-76.966457770567089,38.894263640362382],[-76.966525321168675,38.89413908298657],[-76.966561947784797,38.894031002039682],[-76.966577788236236,38.893928230072959],[-76.966579766734611,38.893863334336508],[-76.966608967055564,38.893736099448283],[-76.966605871133822,38.893602513428966],[-76.966596037098611,38.893482329936454],[-76.966571421113983,38.893371132566379],[-76.966574623246885,38.893253249931512],[-76.966560966111686,38.893124975816654],[-76.966587925032783,38.893008162962097],[-76.966581492287077,38.892935706784684],[-76.966578689568152,38.892865395637216],[-76.966572135866429,38.89268210941551],[-76.966574112987018,38.89257088360327],[-76.96658285507776,38.89246256042032],[-76.966567472280659,38.892351960222754],[-76.966557212766375,38.892254702888685],[-76.966575636961707,38.892122843591636],[-76.966582893332586,38.892011727379142],[-76.966599673086932,38.891920540410318],[-76.966615613785564,38.891824119332533],[-76.966634491065719,38.891782821330899],[-76.966659816755254,38.891632334662674],[-76.966672934756204,38.891557334680947],[-76.966718789304508,38.891481461207334],[-76.966718935032461,38.89136673959797],[-76.966775447162945,38.891251079143679],[-76.966815486587905,38.891137089539178],[-76.966857328610544,38.891062926457032],[-76.966939110337179,38.890890042875071],[-76.96699882325251,38.890780662046843],[-76.967075142369879,38.890679024062514],[-76.967067725258545,38.890565966854332],[-76.966931163880602,38.890576540142476]]]]}},{"type":"Feature","properties":{"id":"DPR_0269","name":"Triangle Park RES 0269","address":"Tennessee Ave.,14th St.,E St.,NE","type":"TRIANGLE","ward":"6","water":0,"playground":0,"picnic":0,"benches":0,"pool":0,"garden":"N"},"geometry":{"type":"Polygon","coordinates":[[[-76.985407831717865,38.89604846265366],[-76.985407885909453,38.895783490554258],[-76.985188934948312,38.896048435109094],[-76.985407831717865,38.89604846265366]]]}},{"type":"Feature","properties":{"id":"DPR_0690","name":"Lovejoy Park","address":"E St., between 11th and 12th Sts., NE","type":"PARK","ward":"6","water":0,"playground":0,"picnic":0,"benches":0,"pool":0,"garden":"N"},"geometry":{"type":"Polygon","coordinates":[[[-76.991057631888907,38.895446299839648],[-76.990904650977228,38.895446288031387],[-76.990904650806115,38.895447630278142],[-76.9909046105182,38.895673262855119],[-76.990790280813684,38.895673253899425],[-76.99079026197559,38.895819207462942],[-76.990438315277785,38.895819179191882],[-76.990438314885452,38.895822106911154],[-76.990438311937609,38.89584410534323],[-76.990438290229406,38.896006102803291],[-76.990500942461978,38.896006107913578],[-76.990562995262039,38.896006112941862],[-76.990625048062114,38.896006117937169],[-76.990687123917255,38.896006122901383],[-76.990749211299956,38.896006127833473],[-76.990811298682715,38.896006132732602],[-76.9908675185427,38.896006137140247],[-76.990923738402586,38.896006141520857],[-76.990979958262585,38.896006145874381],[-76.991036166594938,38.896006150200023],[-76.99103620281231,38.895717846425683],[-76.991036213274384,38.895634564070924],[-76.991036233969837,38.895469819047953],[-76.991057631888907,38.895446299839648]]]}},{"type":"Feature","properties":{"id":"DPR_0663","name":"Kingsman Field","address":"14th St. and Tennessee Ave., NE","type":"PARK","ward":"6","water":1,"playground":0,"picnic":0,"benches":7,"pool":0,"garden":"N"},"geometry":{"type":"Polygon","coordinates":[[[-76.987734522059981,38.894891758395893],[-76.987558844947429,38.89489173982102],[-76.987325196693277,38.894891714707327],[-76.987091536911876,38.894891689125046],[-76.987091443584021,38.895407553318321],[-76.987091392480849,38.895690019685226],[-76.987558705745883,38.895690070381747],[-76.987558754998716,38.895407604014679],[-76.98755877480906,38.895293990481491],[-76.98761147823997,38.895293996081726],[-76.987611495640522,38.895193777989356],[-76.987734470139955,38.895193790964079],[-76.987792441527091,38.89519379703561],[-76.987792493201653,38.894891764467395],[-76.987734522059981,38.894891758395893]]]}},{"type":"Feature","properties":{"id":"DPR_0628","name":"Kelly Miller Park","address":"49th and 50th Sts., Brooks Pl., NE","type":"PARK","ward":"7","water":0,"playground":0,"picnic":0,"benches":0,"pool":2,"garden":"N"},"geometry":{"type":"Polygon","coordinates":[[[-76.930682712784971,38.895535240622515],[-76.930681120155697,38.895548995458554],[-76.930768959496774,38.895549047547824],[-76.930856798838079,38.895549099571006],[-76.930944638179412,38.895549151528186],[-76.931032477520873,38.895549203419293],[-76.931120316862533,38.895549255244362],[-76.931208156204264,38.895549307003364],[-76.931295995546193,38.895549358696307],[-76.931383834888152,38.895549410323227],[-76.931436538493372,38.895549441267669],[-76.931811550237185,38.895549660765852],[-76.931971769183548,38.895478687145612],[-76.932370872951353,38.895478918875611],[-76.932398333293591,38.895476898878002],[-76.932408401796408,38.895495930381514],[-76.932824812796525,38.895442516721324],[-76.932816750509872,38.895422909871705],[-76.932795995570331,38.895367577532653],[-76.932772503721395,38.895293019752209],[-76.932754083493577,38.895218987371003],[-76.932740515833018,38.895145498282105],[-76.932734631905703,38.895101840330469],[-76.932729832049219,38.89505128527508],[-76.93272716541847,38.895000572936063],[-76.932730064769714,38.894823082673554],[-76.932730517452256,38.894795328142955],[-76.932732523462803,38.89467280644142],[-76.93279467138187,38.894680751561403],[-76.932794807870451,38.894535860994438],[-76.932794872533449,38.89446721724029],[-76.932794937196334,38.894398573485375],[-76.932795001859091,38.894329929729565],[-76.93279506652172,38.894261285972917],[-76.932795131184221,38.894192642215486],[-76.932795228254122,38.894089595502372],[-76.932795359284043,38.893950497300573],[-76.93279547625248,38.893826325960745],[-76.932795540914199,38.893757682197958],[-76.932795605575791,38.893689038434381],[-76.932795670237255,38.893620394669973],[-76.932795734898605,38.893551750904692],[-76.932795799559827,38.8934831071386],[-76.932795876839165,38.893401067927797],[-76.93279594162739,38.89333228903434],[-76.932063243173516,38.893235520662493],[-76.931890035672481,38.893212646633231],[-76.931803420436538,38.893201209515532],[-76.931334615247437,38.893139290587179],[-76.931322351983027,38.893137670879199],[-76.931323971471869,38.893131753329655],[-76.9314152632857,38.892798848448585],[-76.931416882750455,38.892792939905831],[-76.931489873942056,38.892526758242113],[-76.931477587682252,38.892525183578542],[-76.931463952921661,38.892523445971797],[-76.931377998254149,38.892509279386687],[-76.931292055147722,38.892495112745081],[-76.931206112066718,38.892480955048569],[-76.93112015750161,38.892466788273666],[-76.931068732296268,38.892458317092157],[-76.930966100908691,38.892441401815766],[-76.930880031186618,38.892427216779176],[-76.930793973025757,38.892413031685983],[-76.930707185209442,38.892402440438119],[-76.930620397418863,38.892391849125808],[-76.930533621181056,38.892381257755815],[-76.930446833442048,38.892370666314484],[-76.930398124758284,38.892614412936915],[-76.930482676803138,38.892624741840493],[-76.930473330760137,38.892669634017707],[-76.930461830618455,38.892724848508848],[-76.930459201675305,38.892737476684985],[-76.930445072572368,38.892805310341345],[-76.930430954969538,38.892873144002039],[-76.930416825804087,38.892940986661749],[-76.930402696620561,38.893008820310556],[-76.930390339340704,38.893068160116016],[-76.930389996529868,38.893076898034501],[-76.930387254198294,38.893146639231574],[-76.930384523388469,38.893216380434545],[-76.930381781046179,38.893286121629714],[-76.930379038689736,38.893355871832334],[-76.930376307863881,38.893425613032555],[-76.930373565505519,38.893495354224967],[-76.9303708231418,38.893565095416434],[-76.930368092291104,38.893634845622231],[-76.930366957503679,38.89366371678161],[-76.93036534991667,38.893704586811836],[-76.930359876678921,38.893844069195204],[-76.930354391883853,38.893983560576331],[-76.930350006135342,38.894095360872427],[-76.930348918603187,38.894123042952273],[-76.930343445292422,38.894262534332881],[-76.930337960441804,38.894402016694528],[-76.930332487088222,38.894541508067718],[-76.930322628028534,38.894792646576164],[-76.93031993277441,38.894861261732167],[-76.930315925437995,38.894963189060697],[-76.930311846989738,38.895067098186423],[-76.930763975737918,38.895077933846579],[-76.930714751814619,38.895257945958164],[-76.930682712784971,38.895535240622515]]]}},{"type":"Feature","properties":{"id":"DPR_0268","name":"Triangle Park RES 0268","address":"Tennessee Ave.,14th St.,D St.,NE","type":"TRIANGLE","ward":"6","water":0,"playground":0,"picnic":0,"benches":0,"pool":0,"garden":"N"},"geometry":{"type":"Polygon","coordinates":[[[-76.985884524570253,38.894856182676747],[-76.985603441331108,38.894856148378636],[-76.98560337291083,38.895195241373422],[-76.985884524570253,38.894856182676747]]]}},{"type":"Feature","properties":{"id":"DPR_0238","name":"Triangle Park RES 0238","address":"North Carolina Ave.,15th St.,Consitution Ave.,NE","type":"TRIANGLE","ward":"6","water":0,"playground":0,"picnic":0,"benches":0,"pool":0,"garden":"N"},"geometry":{"type":"Polygon","coordinates":[[[-76.984281873061192,38.892092326971564],[-76.983751842354835,38.892092254457189],[-76.983751792842611,38.892309680539483],[-76.984281873061192,38.892092326971564]]]}},{"type":"Feature","properties":{"id":"DPR_0485","name":"Triangle Park RES 0485","address":"Blaine St., Brooks & 51st Sts., SE","type":"TRIANGLE","ward":"7","water":0,"playground":0,"picnic":0,"benches":0,"pool":0,"garden":"N"},"geometry":{"type":"Polygon","coordinates":[[[-76.9292299292037,38.891954811450766],[-76.928218603776301,38.891956248285474],[-76.929198440867566,38.892079405232153],[-76.929200581740517,38.892070947664955],[-76.929216921900021,38.892006286437763],[-76.92922733696598,38.891965106453902],[-76.9292299292037,38.891954811450766]]]}},{"type":"Feature","properties":{"id":"DPR_0235","name":"Triangle Park RES 0235","address":"North Carolina Avenue and A Street, NE","type":"SMALL PARK","ward":"6","water":0,"playground":0,"picnic":0,"benches":0,"pool":0,"garden":"N"},"geometry":{"type":"Polygon","coordinates":[[[-76.987030973513257,38.891015371074388],[-76.986289273692535,38.891015286383549],[-76.986289243092685,38.891174536427108],[-76.986365770904214,38.891286861795798],[-76.987030973513257,38.891015371074388]]]}},{"type":"Feature","properties":{"id":"DPR_0018","name":"Triangle Park 5189    0845","address":"Central Ave.,49th St.,East Capitol St.,NE","type":"TRIANGLE","ward":"7","water":0,"playground":0,"picnic":0,"benches":0,"pool":0,"garden":"N"},"geometry":{"type":"Polygon","coordinates":[[[-76.931301527763196,38.889971907985114],[-76.931801369102189,38.890222201405429],[-76.931853542964987,38.88997624906753],[-76.931856705083163,38.889972233175293],[-76.931301527763196,38.889971907985114]]]}},{"type":"Feature","properties":{"id":"DPR_0706","name":"Benning Stoddert Community Center","address":"East Capitol St., between Burns & B Sts., SE","type":"REC CENTER GROUNDS","ward":"7","water":1,"playground":1,"picnic":8,"benches":7,"pool":0,"garden":"N"},"geometry":{"type":"Polygon","coordinates":[[[-76.946894673894747,38.889300905149199],[-76.94816759900435,38.889301476919606],[-76.948352322126468,38.889301558740613],[-76.948985274881736,38.88930183688452],[-76.948985078557186,38.88957641217808],[-76.94901031008564,38.889576423194704],[-76.949183686519248,38.889470677325583],[-76.949322785972782,38.889327855861659],[-76.949442827494607,38.889288496221603],[-76.949595876784173,38.88923831362581],[-76.950120496680142,38.888918344995695],[-76.949643357571446,38.888596703274786],[-76.949397458079687,38.888363883526175],[-76.949379627323978,38.88834699409577],[-76.948527711522814,38.887540362697806],[-76.948418103384483,38.887436582831413],[-76.948141762879274,38.887326468130667],[-76.94796778011316,38.887257134318034],[-76.947792507135162,38.887187286190851],[-76.947705613988219,38.88715266414183],[-76.947388750293186,38.887026386482454],[-76.947381951888914,38.887023680905415],[-76.947257310082264,38.887099691472876],[-76.947704805652549,38.887547870504946],[-76.947680566766437,38.887562660421629],[-76.94762340586901,38.887597515258307],[-76.947420880314056,38.887721037281182],[-76.947400331358239,38.887733576704903],[-76.947347990312821,38.887765496843841],[-76.947260201621091,38.887819039091475],[-76.947171674785196,38.887873031357913],[-76.947085846185374,38.887925367236981],[-76.94708380648143,38.88792477175982],[-76.946995975126399,38.887895571808031],[-76.946908166976201,38.887866263699983],[-76.946820508577929,38.887837171795091],[-76.946732550609681,38.887808025637305],[-76.946644742392493,38.887779095682681],[-76.946556957744278,38.887749571119436],[-76.946469126813767,38.887720379779005],[-76.946468848295112,38.888122333617382],[-76.946468809778608,38.888142944774977],[-76.946520597342641,38.888142968496744],[-76.946520581259009,38.888164426452335],[-76.946520280407896,38.888565803712837],[-76.946520218901668,38.88864786101847],[-76.94637853689818,38.888647796065243],[-76.946457234699892,38.888730195782529],[-76.946770978819146,38.88904434426113],[-76.946858744656865,38.889132333028719],[-76.946894799352407,38.889132349425715],[-76.946894775026635,38.889165031814301],[-76.94689471541902,38.889245116277138],[-76.946894673894747,38.889300905149199]]]}},{"type":"Feature","properties":{"id":"DPR_0612","name":"Fort Chaplin Park","address":"Texas Ave. and C St., SE","type":"PARK","ward":"7","water":0,"playground":0,"picnic":0,"benches":0,"pool":0,"garden":"N"},"geometry":{"type":"Polygon","coordinates":[[[-76.940715890631139,38.886605804918361],[-76.94066925631968,38.886605781240071],[-76.940656893880274,38.886733709388722],[-76.940638526654055,38.88686091428692],[-76.940614195315788,38.886987114235822],[-76.94058395374789,38.887112029762058],[-76.940547868921186,38.887235384236668],[-76.94050602074654,38.887356904487667],[-76.940458501897908,38.887476321405025],[-76.940405417607153,38.887593370536578],[-76.940346885430912,38.88770779267373],[-76.940377998216775,38.887717348435118],[-76.941145967295199,38.887954216929401],[-76.941208706515525,38.887831569354731],[-76.941266202166034,38.887706377951218],[-76.941318351346695,38.887578866774078],[-76.941365060726056,38.887449264030209],[-76.941406246708297,38.887317801669788],[-76.941441835582808,38.887184714971163],[-76.941471763656139,38.887050242119756],[-76.941495977365975,38.886914623781777],[-76.941514433377023,38.886778102673532],[-76.94152709865854,38.886640923127011],[-76.941529236366492,38.886606214895579],[-76.940715890631139,38.886605804918361]]]}},{"type":"Feature","properties":{"id":"DPR_337C","name":"Triangle Park RES 337C","address":"Minnesota Ave.,36th St.,Croffut Pl.,SE","type":"TRIANGLE","ward":"7","water":0,"playground":0,"picnic":0,"benches":0,"pool":0,"garden":"N"},"geometry":{"type":"Polygon","coordinates":[[[-76.954735701654101,38.886869403637128],[-76.954730278067274,38.887333549408588],[-76.954850245621373,38.887164265289442],[-76.954901272979683,38.887094877739003],[-76.95494983936004,38.887023745958814],[-76.955048728849846,38.886884442400593],[-76.955049175773482,38.886882927644834],[-76.955049365044587,38.886881359715559],[-76.955049291411072,38.886879782121234],[-76.955048956916201,38.886878238638509],[-76.955048370841865,38.886876772097466],[-76.955047549451038,38.886875423193146],[-76.955046515536495,38.88687422935628],[-76.955045297788303,38.886873223714645],[-76.955043929997771,38.886872434173775],[-76.955042450119677,38.886871882642637],[-76.955040899219171,38.886871584425663],[-76.954735701654101,38.886869403637128]]]}},{"type":"Feature","properties":{"id":"DPR_0019","name":"Rumsey Aquatic Center","address":"7th St. and N. Carolina Ave., NE","type":"AQUATIC CENTER","ward":"6","water":0,"playground":0,"picnic":0,"benches":5,"pool":1,"garden":"N"},"geometry":{"type":"Polygon","coordinates":[[[-76.996736143015767,38.886535349997558],[-76.996738290809546,38.88670108626296],[-76.996997108276915,38.886698805070246],[-76.997170367751863,38.886700034532922],[-76.997282827367115,38.886700496628691],[-76.997283041121847,38.886535300931108],[-76.997094486973296,38.886535152262105],[-76.996925284991022,38.886535499260468],[-76.996736143015767,38.886535349997558]]]}},{"type":"Feature","properties":{"id":"DPR_0030","name":"Fletcher-Johnson","address":"Benning Rd., C St., and St Louis St. SE","type":"PARK","ward":"7","water":0,"playground":0,"picnic":0,"benches":0,"pool":0,"garden":"N"},"geometry":{"type":"Polygon","coordinates":[[[-76.935637171182506,38.885829990243423],[-76.935108158101002,38.88459731428663],[-76.93504984720569,38.884470471842441],[-76.93498709820409,38.884345765271014],[-76.934919989201745,38.884223349798283],[-76.934848603731211,38.884103377798404],[-76.934773030648074,38.883985998604061],[-76.932594026643358,38.885005627921537],[-76.932963762420869,38.885520426753232],[-76.935637171182506,38.885829990243423]]]}},{"type":"Feature","properties":{"id":"DPR_0092","name":"17th & C Triangle Park Playground RES 0092","address":"Massachusetts Ave.,17th St.,C St.,SE","type":"TRIANGLE","ward":"6","water":0,"playground":1,"picnic":0,"benches":0,"pool":0,"garden":"N"},"geometry":{"type":"Polygon","coordinates":[[[-76.98066804288743,38.885807648357037],[-76.980668145199715,38.885429998924479],[-76.979742447299685,38.885429842057697],[-76.98066804288743,38.885807648357037]]]}},{"type":"Feature","properties":{"id":"DPR_0013","name":"DC General Playground","address":"1900 Massachusetts Avenue, SE","type":"PARK","ward":"7","water":0,"playground":0,"picnic":0,"benches":0,"pool":0,"garden":"N"},"geometry":{"type":"Polygon","coordinates":[[[-76.975986121244404,38.88548862159724],[-76.975986313374989,38.885362945673968],[-76.975986526801492,38.88520823573019],[-76.975740105149839,38.885208022660414],[-76.975740479046763,38.884955796983974],[-76.975426494254691,38.884955524158983],[-76.975426538129668,38.884928526039523],[-76.975317250901966,38.884928430930223],[-76.975317206982652,38.884955438057993],[-76.975121570524664,38.884950063590637],[-76.974998208824303,38.884954199125048],[-76.974998161974995,38.884989223714214],[-76.974967791582046,38.884989190184598],[-76.974967881581449,38.884929770899141],[-76.974933558583956,38.884927727643749],[-76.974933495781599,38.884975264875813],[-76.974877261576395,38.884975216761184],[-76.974876827715235,38.885290879462723],[-76.974872884400142,38.885720596535307],[-76.974931905213694,38.885729878842938],[-76.975002387678927,38.885725173554732],[-76.975779624483479,38.88572518415679],[-76.975779958412645,38.885488434898015],[-76.975986121244404,38.88548862159724]]]}},{"type":"Feature","properties":{"id":"DPR_0240","name":"Triangle Park RES 0240","address":"South of South Carolina Avenue and C Street, SE","type":"SMALL PARK","ward":"6","water":0,"playground":0,"picnic":0,"benches":0,"pool":0,"garden":"N"},"geometry":{"type":"Polygon","coordinates":[[[-76.989879769562506,38.885435673357669],[-76.989266744625709,38.885435519551429],[-76.989266739031365,38.885472715166543],[-76.989318126771337,38.885589909936385],[-76.989881175238708,38.885439033606517],[-76.989879769562506,38.885435673357669]]]}},{"type":"Feature","properties":{"id":"DPR_0116","name":"Triangle Park RES 0116","address":"Virginia Ave., east side of 6th & D Sts., SW","type":"TRIANGLE","ward":"6","water":0,"playground":0,"picnic":0,"benches":0,"pool":0,"garden":"N"},"geometry":{"type":"Polygon","coordinates":[[[-77.019586486156754,38.884931341752903],[-77.019586487269692,38.884935395525723],[-77.019800192027247,38.884997157006779],[-77.019801183069532,38.884997633301801],[-77.019802239579334,38.884997937947112],[-77.019803332064399,38.884998062438598],[-77.019804430028188,38.884998003301085],[-77.019805502821256,38.884997762185399],[-77.019806520496772,38.884997345822235],[-77.019807454646511,38.884996765834295],[-77.019808279193853,38.884996038411842],[-77.019808971121705,38.884995183860731],[-77.019809511115014,38.884994226035616],[-77.019809884099985,38.884993191673999],[-77.019809866915452,38.884931304075728],[-77.019586486156754,38.884931341752903]]]}},{"type":"Feature","properties":{"id":"DPR_0044","name":"Triangle Park RES 0044,0045","address":"South Carolina and Pennsylvania Aves., to 7th, 8th and D Sts., SE","type":"TRIANGLE","ward":"6","water":0,"playground":0,"picnic":0,"benches":0,"pool":0,"garden":"N"},"geometry":{"type":"Polygon","coordinates":[[[-76.995666321299367,38.884251014356913],[-76.99574364188139,38.884141700441383],[-76.995866640793963,38.884187332329333],[-76.995995897742375,38.884242738400197],[-76.996031340744352,38.884213408306373],[-76.996078813710781,38.884234588623073],[-76.996078828737083,38.883961021969334],[-76.996078833811794,38.883868631963757],[-76.995107042266469,38.883868595312727],[-76.995107031796167,38.884021341502859],[-76.995301463609195,38.884101659241125],[-76.995666321299367,38.884251014356913]]]}},{"type":"Feature","properties":{"id":"DPR_0611","name":"Watkins","address":"13th St., between D and E Sts., SE","type":"REC CENTER GROUNDS","ward":"6","water":1,"playground":1,"picnic":0,"benches":8,"pool":1,"garden":"N"},"geometry":{"type":"MultiPolygon","coordinates":[[[[-76.988468652170425,38.883990705784242],[-76.988728612268972,38.883990731156054],[-76.988904262541851,38.883990747971794],[-76.9889449364141,38.883990751828023],[-76.988985898426549,38.883990755697219],[-76.989026860439068,38.883990759552077],[-76.989067822451517,38.883990763392539],[-76.989108819040879,38.883990767221889],[-76.989149815630128,38.883990771036849],[-76.989190812219491,38.8839907748374],[-76.989231808808768,38.883990778623591],[-76.989258202452135,38.883990781053491],[-76.990047764261107,38.8839908509864],[-76.990047823572823,38.883482886109114],[-76.990047840803371,38.883359327078388],[-76.990047869957593,38.883232912387307],[-76.990047905934645,38.882974921188904],[-76.989671265937716,38.882974888495028],[-76.989616070584546,38.88297488360179],[-76.989560886756891,38.882974878683498],[-76.989505806658229,38.882974873748459],[-76.989450715034209,38.882974868786434],[-76.989395600359174,38.882974863796321],[-76.989340485684238,38.882974858780159],[-76.989284702533467,38.8829748536767],[-76.989232008201881,38.882974848831367],[-76.98908006826889,38.882974834727122],[-76.988904420496894,38.882974818175761],[-76.988837676648643,38.882974811817228],[-76.98878321892407,38.882974806600892],[-76.988728772724983,38.88297480136027],[-76.988630403057527,38.882974791827564],[-76.988468816327796,38.882974775988799],[-76.988468795253809,38.883105199418537],[-76.988468774179751,38.883235622845284],[-76.98846875421475,38.883359181878461],[-76.988468734249707,38.883482740908946],[-76.988468714284579,38.883606299936822],[-76.988468694319394,38.883729858962006],[-76.988468688036946,38.883768739156338],[-76.988468681750135,38.883807646375537],[-76.988468675463309,38.883846553594474],[-76.988468669486522,38.883883542026979],[-76.988468663123996,38.883922917681446],[-76.988468652170425,38.883990705784242]]],[[[-76.988069415397661,38.882963862756625],[-76.988015142088628,38.882963857201005],[-76.987961629458795,38.882963851698534],[-76.987908024625412,38.882963846162014],[-76.987854730979009,38.882963840633259],[-76.987801195298289,38.882963835054916],[-76.987747763346576,38.882963829462895],[-76.987697420213479,38.882963824171803],[-76.987697398929967,38.883220995609094],[-76.987697395379854,38.883241588781495],[-76.987801170868664,38.883241599664622],[-76.987854716496102,38.883184383969343],[-76.988149422973478,38.883184414238016],[-76.988149426393136,38.883163821065409],[-76.98814945960082,38.882963843879075],[-76.988069415397661,38.882963862756625]]]]}},{"type":"Feature","properties":{"id":"DPR_0047","name":"Triangle Park RES 0047","address":"Pennsylvania Ave., east of 8th St., SE","type":"TRIANGLE","ward":"6","water":0,"playground":0,"picnic":0,"benches":0,"pool":0,"garden":"N"},"geometry":{"type":"Polygon","coordinates":[[[-76.994635498414794,38.883834477873862],[-76.994839598901379,38.883918418198299],[-76.994839524298484,38.883834369953981],[-76.994635498414794,38.883834477873862]]]}},{"type":"Feature","properties":{"id":"DPR_0407","name":"Fort Dupont Urban Farm","address":"3779 ELY PLACE SE","type":"SPECIALTY","ward":"7","water":0,"playground":0,"picnic":0,"benches":0,"pool":0,"garden":"N"},"geometry":{"type":"Polygon","coordinates":[[[-76.949410509317318,38.883026970891216],[-76.950885941459873,38.883243090281127],[-76.952784512682584,38.883521160375565],[-76.952888581409226,38.883541683689991],[-76.952993534776724,38.883557055643458],[-76.953099117954068,38.883567238912242],[-76.953879212512874,38.883567549548154],[-76.954748549325487,38.883567889582103],[-76.954748990426808,38.882872334092056],[-76.954614357317539,38.882871479590492],[-76.954479917123351,38.8828642243529],[-76.954345973976203,38.882850584792145],[-76.95421283088362,38.882830591763785],[-76.954080789043246,38.882804290496246],[-76.953950147161436,38.882771740488522],[-76.953879644801503,38.882898739960481],[-76.953820654674558,38.882885501346372],[-76.953789211182055,38.882764190955804],[-76.953700178813889,38.882744211124283],[-76.953024961878853,38.882290342090833],[-76.952860306995888,38.882278862123414],[-76.952700766058754,38.882185506740484],[-76.952776526586575,38.881795411045466],[-76.952118332910317,38.881826573347716],[-76.951925688202166,38.882014715520306],[-76.951604945775316,38.882056228850281],[-76.951309118668405,38.881999353043554],[-76.950983639928069,38.882341598781039],[-76.951129733455176,38.882411438985358],[-76.951102230132477,38.882534752325903],[-76.951057389551579,38.882527968244617],[-76.949610787077063,38.882308944710431],[-76.949615749670187,38.88226681461213],[-76.94959236885822,38.882261030146005],[-76.949358987281414,38.882203329546094],[-76.948808042203098,38.882123184951709],[-76.948696748646654,38.882563195960266],[-76.948477055200698,38.882526642303027],[-76.94839282729103,38.882877887255844],[-76.949410509317318,38.883026970891216]]]}},{"type":"Feature","properties":{"id":"DPR_0258","name":"Triangle Park RES 0258","address":"Potomac Ave. and E Street, SE","type":"SMALL PARK","ward":"6","water":0,"playground":0,"picnic":0,"benches":0,"pool":0,"garden":"N"},"geometry":{"type":"Polygon","coordinates":[[[-76.978861310886217,38.882930921880629],[-76.978157948041371,38.882930792474461],[-76.978157903077005,38.883077692242246],[-76.97823096406826,38.88318745506465],[-76.978861310886217,38.882930921880629]]]}},{"type":"Feature","properties":{"id":"DPR_0257","name":"Triangle Park RES 0257","address":"Potomac Ave.,17th St.,E St.,SE","type":"TRIANGLE","ward":"6","water":0,"playground":0,"picnic":0,"benches":0,"pool":0,"garden":"N"},"geometry":{"type":"Polygon","coordinates":[[[-76.980674561440793,38.88276233768886],[-76.980674656836996,38.882410082701867],[-76.979810731973643,38.882762191576894],[-76.980674561440793,38.88276233768886]]]}},{"type":"Feature","properties":{"id":"DPR_0405","name":"DC Therapeutic","address":"3030 G St., SE","type":"REC CENTER GROUNDS","ward":"7","water":0,"playground":1,"picnic":13,"benches":5,"pool":1,"garden":"N"},"geometry":{"type":"Polygon","coordinates":[[[-76.960243512242783,38.882120484525181],[-76.960243461254151,38.882212000736615],[-76.960243359261483,38.882395060180237],[-76.960313617793261,38.882395084073693],[-76.960383876325125,38.882395107924907],[-76.960454134856988,38.882395131733823],[-76.960524393388937,38.882395155500497],[-76.960594651920914,38.882395179224901],[-76.960664910452934,38.882395202907027],[-76.960735168985011,38.882395226546912],[-76.96080542751713,38.882395250144512],[-76.960875686049221,38.882395273699863],[-76.960945944581439,38.882395297212938],[-76.961016203113687,38.88239532068377],[-76.961086461646005,38.882395344112325],[-76.961178238006411,38.88239537465256],[-76.961226978710741,38.882395390842611],[-76.961297237243187,38.882395414144369],[-76.961637684551775,38.882395526457643],[-76.961683659172351,38.882395541548576],[-76.96175391770511,38.882395564575617],[-76.961824176237883,38.882395587560396],[-76.961894434770713,38.882395610502904],[-76.961964693303599,38.882395633403164],[-76.962034951836515,38.882395656261146],[-76.962105210369486,38.882395679076865],[-76.962175468902402,38.882395701850278],[-76.962245727435459,38.8823957245815],[-76.962315985968559,38.882395747270429],[-76.962386244501701,38.882395769917075],[-76.962456503034886,38.882395792521486],[-76.962526761568142,38.882395815083598],[-76.962597020101413,38.882395837603468],[-76.96266727863474,38.882395860081083],[-76.962737537168096,38.882395882516406],[-76.962807795701423,38.882395904909494],[-76.962878054234864,38.882395927260319],[-76.962909645219227,38.882395937296323],[-76.962948358267198,38.882308324982695],[-76.963072862440413,38.882026627034158],[-76.963343631553613,38.881903891940595],[-76.96336522201122,38.88187438722953],[-76.963465688891745,38.881737130835752],[-76.963515916424413,38.881668502603404],[-76.963528337774349,38.881651534675683],[-76.963563491205804,38.881603503902411],[-76.96382714043105,38.881243277257134],[-76.964038057891742,38.880955100901197],[-76.964075032860535,38.880904575204823],[-76.964221143201073,38.880707705625312],[-76.964260032016526,38.880655297700692],[-76.964038209015683,38.880655229612955],[-76.963827438556351,38.880655164527411],[-76.9635639754826,38.880655082635585],[-76.963528847072823,38.880655071671768],[-76.963265372474822,38.880654989102737],[-76.962949216787976,38.880654889239736],[-76.962685753716357,38.880654805366767],[-76.96265062530685,38.880654794138799],[-76.962387162235927,38.880654709592307],[-76.962176391779593,38.880654641527158],[-76.961912928709808,38.880654555910844],[-76.961877800300527,38.880654544450451],[-76.961614337231453,38.880654458160549],[-76.961268181854578,38.880654235782991],[-76.961061318433394,38.880654103942334],[-76.960977127822531,38.880654048818975],[-76.960736126143388,38.880655733695079],[-76.960525356871685,38.880653518653538],[-76.960261893808067,38.880653429312773],[-76.960226765399625,38.880653417355759],[-76.95996330233676,38.88065332734142],[-76.959813130696205,38.88065327576809],[-76.959647014664881,38.88088663493118],[-76.95947037814291,38.881134908094523],[-76.959399003454948,38.881235209756561],[-76.959364861637169,38.881283203598677],[-76.959330708248345,38.881331197426427],[-76.959296566338708,38.881379191247753],[-76.959262424383127,38.881427185058726],[-76.959228270856414,38.881475178855304],[-76.959194128808974,38.881523172645515],[-76.959159975190445,38.881571166421331],[-76.959125833051147,38.881619160190773],[-76.959091679345818,38.881667144937431],[-76.959057537114646,38.881715138686125],[-76.959023394837558,38.881763132424425],[-76.958945282681228,38.881872917269462],[-76.959275101198514,38.881873032733886],[-76.959347134106793,38.881873057827598],[-76.959505940737927,38.881873112993226],[-76.959576198755528,38.881873137330309],[-76.959646456773086,38.88187316162508],[-76.959962617853108,38.881873270428663],[-76.960032875871022,38.881873294491008],[-76.960103133888992,38.881873318511076],[-76.960173391907006,38.881873342488902],[-76.960243649924962,38.88187336642445],[-76.960243512242783,38.882120484525181]]]}},{"type":"Feature","properties":{"id":"DPR_0017","name":"Garfield Park","address":"F St. and Virginia Ave., between 1st and 3rd Sts., SE","type":"PARK","ward":"6","water":2,"playground":1,"picnic":0,"benches":21,"pool":0,"garden":"N"},"geometry":{"type":"Polygon","coordinates":[[[-77.005949158162991,38.881868026449759],[-77.005782719823728,38.881417155910832],[-77.004856618908832,38.88116612527115],[-77.004616608717924,38.881175304877424],[-77.00437643524387,38.881177725471495],[-77.004136288791898,38.881173385135362],[-77.003896359645807,38.881162287308165],[-77.003656837917219,38.88114444078343],[-77.00343712140112,38.881122043593543],[-77.003239513832582,38.881096947281748],[-77.003042565608212,38.881067114867676],[-77.002846390222516,38.881032563542718],[-77.00265110072462,38.880993313217623],[-77.00245680965314,38.880949386510999],[-77.00245351371629,38.880956557259196],[-77.002246370931772,38.880898457311559],[-77.002231645766926,38.880894922035488],[-77.002216540038134,38.880893851701877],[-77.002201463503454,38.880895275344614],[-77.002186825129058,38.880899154345954],[-77.002173021995546,38.880905383484077],[-77.002160428526807,38.880913793787364],[-77.002149386333315,38.880924157117882],[-77.002140194945667,38.880936192359876],[-77.002133103689516,38.880949573045307],[-77.002133140910203,38.882193406433409],[-77.003437156367752,38.88184749822355],[-77.003656875026721,38.881868120757915],[-77.005949158162991,38.881868026449759]]]}},{"type":"Feature","properties":{"id":"DPR_0256","name":"Triangle Park RES 0256","address":"Potomac Ave.,16th St.,G St.,SE","type":"TRIANGLE","ward":"6","water":0,"playground":0,"picnic":0,"benches":0,"pool":0,"garden":"N"},"geometry":{"type":"Polygon","coordinates":[[[-76.982707416906138,38.881368247800978],[-76.982314776913171,38.88136818901296],[-76.982314737324174,38.881527934785439],[-76.982707416906138,38.881368247800978]]]}},{"type":"Feature","properties":{"id":"DPR_0711","name":"Amidon Field","address":"4th and G Sts., SW","type":"PARK","ward":"6","water":0,"playground":0,"picnic":0,"benches":0,"pool":0,"garden":"N"},"geometry":{"type":"Polygon","coordinates":[[[-77.017702794509802,38.881160983741474],[-77.017745230116716,38.881160977300844],[-77.01776076602053,38.88116097493905],[-77.018008695073846,38.881160936968705],[-77.018024230977673,38.881160934571859],[-77.01818433837839,38.881160909750427],[-77.018199874282288,38.881160907330219],[-77.018237042894881,38.881160901531629],[-77.018252567273606,38.881160899106227],[-77.018289735886285,38.881160893290861],[-77.018305260264995,38.881160890858446],[-77.018342428877574,38.88116088502634],[-77.018357953256285,38.881160882586897],[-77.018395121868949,38.881160876738015],[-77.018410646247574,38.88116087429156],[-77.018447595882321,38.881160868460512],[-77.018463120261032,38.881160866007107],[-77.018500081420967,38.8811608601576],[-77.018515605799578,38.881160857697225],[-77.018552566959499,38.881160851831119],[-77.018568091338196,38.881160849363766],[-77.018605040972915,38.881160843482895],[-77.0186205768767,38.881160841006704],[-77.018657595662305,38.881160835098193],[-77.018673120040987,38.881160832616871],[-77.018709239864791,38.881160826835718],[-77.018724764243473,38.881160824347532],[-77.018777457234648,38.881160815886723],[-77.018777229845796,38.880296830144545],[-77.018752923593937,38.880296825041896],[-77.018709001774624,38.880296832086835],[-77.017745015226396,38.880296991556747],[-77.017746463102299,38.880187133998653],[-77.017746357251482,38.879761577566171],[-77.017702447284151,38.879761575222425],[-77.017702794509802,38.881160983741474]]]}},{"type":"Feature","properties":{"id":"DPR_0626","name":"Jefferson Field","address":"7th and 9th Sts., to G and H Sts., SW","type":"PARK","ward":"6","water":0,"playground":0,"picnic":0,"benches":0,"pool":0,"garden":"N"},"geometry":{"type":"Polygon","coordinates":[[[-77.022066501653086,38.881149890076486],[-77.022940015768981,38.881149721754952],[-77.023115659043768,38.881149687120491],[-77.023126193030237,38.881149685034949],[-77.023464582937436,38.881149617533929],[-77.023475128448979,38.881149615414579],[-77.023697598365658,38.881149453373595],[-77.023708143877187,38.881149451233213],[-77.023813477079372,38.881025879724533],[-77.023813472954174,38.881013520213273],[-77.023813455578463,38.880961460726539],[-77.023813434408339,38.880898032650727],[-77.023813350555073,38.880646797648069],[-77.023813266609167,38.880395283374298],[-77.023813241513295,38.880285561167462],[-77.022939737978504,38.880285736020085],[-77.022066234439421,38.880285904339601],[-77.022066268373948,38.880395626544654],[-77.022066282284939,38.880440605441386],[-77.022066297569452,38.880490025474558],[-77.022066312854008,38.880539445507253],[-77.022066328141364,38.880588874547961],[-77.022066343425962,38.880638294579846],[-77.02206635871336,38.880687723619708],[-77.02206637314822,38.880734396091619],[-77.022066388435661,38.880783825130628],[-77.022066403720345,38.880833245160858],[-77.022066444484224,38.880965046920025],[-77.022066459515429,38.881013647185178],[-77.022066474758418,38.88106293208758],[-77.022066490280025,38.881113117828555],[-77.022066501619662,38.881149781975786],[-77.022066501653086,38.881149890076486]]]}},{"type":"Feature","properties":{"id":"DPR_0723","name":"Town Center Park","address":"3rd St. and I Sts., SW","type":"SMALL PARK","ward":"6","water":0,"playground":0,"picnic":0,"benches":0,"pool":0,"garden":"N"},"geometry":{"type":"Polygon","coordinates":[[[-77.015383742176013,38.87882824680252],[-77.015383819141704,38.879185195383833],[-77.016120912831823,38.879185095952785],[-77.016120832178927,38.878828147371969],[-77.015383742176013,38.87882824680252]]]}},{"type":"Feature","properties":{"id":"DPR_0721","name":"Town Center Park","address":"6th St. and I Sts., SW`","type":"SMALL PARK","ward":"6","water":0,"playground":0,"picnic":0,"benches":0,"pool":0,"garden":"N"},"geometry":{"type":"Polygon","coordinates":[[[-77.018994181333937,38.878539410704882],[-77.018994353112561,38.879184663920846],[-77.019731446791454,38.879184541702621],[-77.019731268347542,38.878539288487758],[-77.018994181333937,38.878539410704882]]]}},{"type":"Feature","properties":{"id":"DPR_0722","name":"Town Center Park","address":"4th and I Sts., SW","type":"SMALL PARK","ward":"6","water":0,"playground":0,"picnic":0,"benches":0,"pool":0,"garden":"N"},"geometry":{"type":"MultiPolygon","coordinates":[[[[-77.017714985566997,38.878690628490006],[-77.017715108281934,38.879184864990798],[-77.017993214004235,38.879184822470506],[-77.017993120523201,38.878814145099106],[-77.018783489398004,38.878814020642146],[-77.018783456869272,38.878690461513251],[-77.017714985566997,38.878690628490006]]],[[[-77.017122051948036,38.879184953452821],[-77.017398959088482,38.879184912523328],[-77.017398838563309,38.878690676022224],[-77.017364310405554,38.878690681161643],[-77.016331565828978,38.878690830163805],[-77.016331594112046,38.878814389293296],[-77.017121962992462,38.878814276080739],[-77.017122051948036,38.879184953452821]]]]}},{"type":"Feature","properties":{"id":"DPR_0712","name":"Lansburgh Park","address":"Delaware Ave., between I and M Sts., SW","type":"PARK","ward":"6","water":0,"playground":0,"picnic":0,"benches":0,"pool":0,"garden":"N"},"geometry":{"type":"Polygon","coordinates":[[[-77.013290256550263,38.877535718087088],[-77.012326687601714,38.877535823782672],[-77.012273997286712,38.877535829333127],[-77.012270493818718,38.877535829701337],[-77.012270335528925,38.876615459850115],[-77.012164956258019,38.876615470876374],[-77.012050161538184,38.876615482779613],[-77.012050161707094,38.876616482711732],[-77.012050250273873,38.877140861488556],[-77.012050299520993,38.877432436246835],[-77.012050316988166,38.877535852631134],[-77.012050328582262,38.877604496606445],[-77.012006419944186,38.877604501129589],[-77.011594842727661,38.877604542724377],[-77.011594805554154,38.877659457908635],[-77.011594857987163,38.877982084578939],[-77.011594910420655,38.878304711231372],[-77.011655265222316,38.878304705222583],[-77.01165530110778,38.878524365911773],[-77.011662607783776,38.878524365182244],[-77.011662607794094,38.878524428241008],[-77.011662630226368,38.878661653108722],[-77.011662637919315,38.878708712958897],[-77.011662645607842,38.878755745783515],[-77.011662653297847,38.878802787616152],[-77.011662660986403,38.87884982044001],[-77.011662668674958,38.878896853263498],[-77.012013944141955,38.878896817650229],[-77.012057853575328,38.8788968131243],[-77.012057899981713,38.879171388956294],[-77.012277447993171,38.879171366078843],[-77.012277336641858,38.878524302165992],[-77.012282303798557,38.878524301643644],[-77.012937034977568,38.878524230940528],[-77.013013277069547,38.878304561775472],[-77.013125067105818,38.877994273115156],[-77.01313497324108,38.877966814412545],[-77.013166603675927,38.877878951970494],[-77.013245737042766,38.877659282303036],[-77.013290256550263,38.877535718087088]]]}},{"type":"Feature","properties":{"id":"DPR_017B","name":"Canal Park","address":"2nd St., between K and I Sts., SE","type":"PARK","ward":"6","water":0,"playground":0,"picnic":0,"benches":0,"pool":0,"garden":"N"},"geometry":{"type":"Polygon","coordinates":[[[-77.003389687163235,38.878523565215126],[-77.003040868297546,38.878523574824563],[-77.003040895814479,38.879168837064334],[-77.00338971783448,38.879168827454798],[-77.003389687163235,38.878523565215126]]]}},{"type":"Feature","properties":{"id":"DPR_0012","name":"Arthur Capper Community Center","address":"1000 5TH STREET SE","type":"REC CENTER GROUNDS","ward":"6","water":0,"playground":0,"picnic":0,"benches":0,"pool":0,"garden":"N"},"geometry":{"type":"Polygon","coordinates":[[[-76.996295840162517,38.878487981640703],[-76.996291587540995,38.878487981505828],[-76.996291586985592,38.878498674469903],[-76.99629583954605,38.878499863712825],[-76.997189998295866,38.878749646362017],[-76.998604309371487,38.879144716889307],[-76.998604311931047,38.879013662781453],[-76.998603975739698,38.87852466012977],[-76.998603794512988,38.878362463985766],[-76.999458673671541,38.878362155768123],[-76.999458322117135,38.877606909934094],[-76.997557596464858,38.877611182689286],[-76.996296358185049,38.877610690096326],[-76.996295840162517,38.878487981640703]]]}},{"type":"Feature","properties":{"id":"DPR_0253","name":"Triangle Park RES 0253","address":"Potomac Ave. and K Street, SE","type":"SMALL PARK","ward":"6","water":0,"playground":0,"picnic":0,"benches":0,"pool":0,"garden":"N"},"geometry":{"type":"Polygon","coordinates":[[[-76.989821934514609,38.878474264565796],[-76.989106030592566,38.878474199993398],[-76.989106007416083,38.878626036477719],[-76.989179000016293,38.878735792527991],[-76.989821934514609,38.878474264565796]]]}},{"type":"Feature","properties":{"id":"DPR_0126","name":"Virginia Avenue","address":"L St., between 9th and 11th Sts., SE","type":"PARK","ward":"6","water":0,"playground":1,"picnic":0,"benches":0,"pool":0,"garden":"N"},"geometry":{"type":"Polygon","coordinates":[[[-76.993684591024447,38.877068569939354],[-76.99368258417195,38.877055793540798],[-76.993678547258625,38.877043506671882],[-76.993672585532096,38.877032029667319],[-76.993664854422349,38.877021661747612],[-76.993655555489511,38.877012673217962],[-76.99364493116893,38.877005298421082],[-76.993633258450487,38.876999729627563],[-76.993620841657219,38.876996112023114],[-76.993608004511145,38.876994539923423],[-76.993595081693414,38.876995054315167],[-76.993582410118762,38.87699764178749],[-76.993570320151704,38.877002234881601],[-76.992842750577054,38.877293091710477],[-76.99206632016417,38.877293041559675],[-76.99206628788879,38.87758340918672],[-76.992166601174588,38.877632663282071],[-76.992269421472727,38.877676443500327],[-76.992349729113258,38.877705983244617],[-76.992431114825521,38.877732408222542],[-76.992513457852155,38.877755679225608],[-76.99267127180714,38.877799063522602],[-76.992830318532938,38.87783768450943],[-76.993411063886114,38.877995383641903],[-76.99357450591026,38.877872058806389],[-76.993635344380408,38.877872062136738],[-76.993643006030553,38.877872225764335],[-76.993650583534375,38.87787108160834],[-76.993657855302189,38.877868663127423],[-76.993664608684981,38.87786504104546],[-76.993670646192953,38.877860321283329],[-76.993675791270661,38.877854641861489],[-76.993679893460126,38.877848168863835],[-76.993682832800602,38.877841091580834],[-76.993684523336682,38.877833616974172],[-76.993684591024447,38.877068569939354]]]}},{"type":"Feature","properties":{"id":"DPR_0624","name":"Pope Branch Park","address":"M St. & Fairlawn Ave., to 39th & Nash Sts., SE","type":"LARGE PARK","ward":"7","water":0,"playground":0,"picnic":0,"benches":0,"pool":0,"garden":"N"},"geometry":{"type":"MultiPolygon","coordinates":[[[[-76.960347754844065,38.875200018730858],[-76.96050495493931,38.875306623355598],[-76.960562692623455,38.875345784365159],[-76.960568061842778,38.875389422867947],[-76.960576448299179,38.875457754412849],[-76.960584846295887,38.875526085960274],[-76.960590479376151,38.875571940616034],[-76.96094339793855,38.87557205917178],[-76.960934529175475,38.875499934957034],[-76.960926142371235,38.875431603438301],[-76.960917744058833,38.87536327191436],[-76.960903723964122,38.875249193851054],[-76.960829390187385,38.874645245761769],[-76.960421229683007,38.874645108151789],[-76.960170810742639,38.87450100570635],[-76.958866856018389,38.873750640290957],[-76.958756636767362,38.873717918933934],[-76.958756661194656,38.873675651517111],[-76.958756819877593,38.873401075451369],[-76.95875750315885,38.873275597643733],[-76.958205267461935,38.87327540131735],[-76.95815609508,38.873275383709355],[-76.957980471199377,38.873275320651707],[-76.957941831640881,38.873275306742734],[-76.957941904458792,38.87315174750681],[-76.957941997392055,38.872994055433551],[-76.957854199092637,38.872971511780321],[-76.957766400870099,38.872948932027427],[-76.957762863568007,38.872948065941358],[-76.957678602062046,38.872927433216645],[-76.957678566061006,38.8729881408374],[-76.957625887223131,38.872974455986679],[-76.957538089203211,38.872951650852059],[-76.957511427192543,38.872944722700765],[-76.957463668819415,38.872892825917162],[-76.957450314759029,38.87288939785897],[-76.9573625167437,38.87286685383566],[-76.957274718735377,38.872844390821939],[-76.957186920901151,38.872821729557224],[-76.957108790015241,38.872801693222797],[-76.957057653336577,38.872791792211345],[-76.957198233266666,38.872348062787609],[-76.957151733398192,38.872289646653513],[-76.957109436859781,38.872228118730348],[-76.957071551172064,38.872163780894226],[-76.957038262214624,38.872096948807602],[-76.956983449683335,38.872125800569293],[-76.956802366271802,38.872221141746508],[-76.956633282408049,38.872310172206227],[-76.956415609949062,38.872424777174494],[-76.956362077316427,38.872432711604937],[-76.955863445348001,38.872506600331427],[-76.955811687412506,38.872514273936446],[-76.955828152579826,38.872523887361552],[-76.955842865062877,38.872536014295207],[-76.955855444841674,38.872550341501587],[-76.955865566983505,38.872566498912327],[-76.955872970035855,38.872584069185329],[-76.955877462779597,38.872602598484583],[-76.95587892916825,38.872621608202664],[-76.95587733132534,38.872640607323049],[-76.95587271052274,38.872659105102933],[-76.955865186114735,38.872676623749037],[-76.95585495245497,38.872692710758862],[-76.955829024636486,38.872716799110059],[-76.955799358355364,38.872736097094389],[-76.95576682817368,38.872750035807186],[-76.955732393081334,38.872758204335163],[-76.95569706822495,38.872760361870064],[-76.955661894981461,38.872756444807763],[-76.955627910258215,38.872746568623263],[-76.955596115924976,38.872731024466532],[-76.955579656336937,38.872721411114924],[-76.955564948895343,38.872709285698242],[-76.955552373313566,38.872694961267698],[-76.955542254265055,38.872678807648136],[-76.955534853001083,38.872661241889993],[-76.955530360605778,38.872642717501954],[-76.955528893062763,38.872623712742417],[-76.95553048826072,38.872604718271873],[-76.955535105015215,38.872586224485197],[-76.955542624131922,38.872568708850714],[-76.955552851484029,38.872552623583026],[-76.955380301722542,38.872578195703746],[-76.955207751843133,38.872603758560992],[-76.955138741075672,38.872613983636022],[-76.955034994389422,38.872629357116949],[-76.9549657300268,38.872639618025651],[-76.954875455824933,38.872652996693496],[-76.954718475673971,38.872676258691079],[-76.954586673170539,38.872666009998042],[-76.95454591557565,38.872662841200103],[-76.954427292915923,38.872657930431664],[-76.954370539801417,38.87265558410266],[-76.954269767020861,38.872651418836242],[-76.954195429098064,38.872648344862597],[-76.954113047801343,38.872644934370527],[-76.954019719211473,38.872641078098837],[-76.953956478413502,38.872638458761955],[-76.953844412686848,38.872633820238498],[-76.953799759250984,38.872631973875734],[-76.953669221429735,38.872626571169057],[-76.953493649929641,38.87261931267696],[-76.953485607606098,38.872617363658613],[-76.953334232276788,38.872580657078323],[-76.953183778856186,38.872544175881217],[-76.953176381773673,38.872542389251485],[-76.953033751897138,38.872507802762335],[-76.952855830563792,38.872464661889431],[-76.952597498205321,38.872402020970675],[-76.952576793381212,38.872397003891521],[-76.952589739755439,38.872464869356925],[-76.952597976780368,38.872533465868642],[-76.952601465262674,38.872602467031612],[-76.952600188603498,38.872671544525353],[-76.952294854328485,38.872585570101627],[-76.952172898254148,38.872551234231388],[-76.951974197092028,38.872495291568526],[-76.951808966359152,38.872448767158183],[-76.951643735841742,38.872402242513729],[-76.951561126422575,38.872378984610279],[-76.951313321535707,38.872309210558313],[-76.951148045575835,38.872262676183752],[-76.95098281592017,38.872216150602661],[-76.950817586479857,38.872169624787411],[-76.950652357248856,38.87212310774644],[-76.950487128239487,38.872076581462863],[-76.950321899445584,38.872030054945171],[-76.950156624778742,38.871983519165241],[-76.949991442504029,38.871937001207328],[-76.949826214356477,38.871890473987136],[-76.949660986418024,38.871843955541244],[-76.949495758701246,38.871797427852762],[-76.949330496635568,38.871750890906746],[-76.949247934812462,38.871727640392763],[-76.948923437179488,38.871636261779933],[-76.948884802425709,38.87176499858559],[-76.948850674534185,38.871895002802248],[-76.948821094910201,38.872026116703786],[-76.948796099440912,38.872158181217735],[-76.94877571845177,38.872291036118327],[-76.948826079285212,38.872304075342903],[-76.94882606374982,38.872325740550913],[-76.949216507896821,38.872426769094659],[-76.949243791100798,38.872433825528482],[-76.949478210245076,38.872494490683685],[-76.949913775126674,38.872607193279308],[-76.950360747883707,38.872722844845413],[-76.950389056743305,38.87273017169931],[-76.950416954356129,38.87271572505778],[-76.950450447997099,38.872724387341883],[-76.950547069179123,38.872749390585938],[-76.950634876301976,38.872772110898204],[-76.950667551949593,38.87278056558084],[-76.950722487613504,38.872794777011222],[-76.950810271806688,38.872817488173297],[-76.950886038858755,38.872837095324897],[-76.950898090614672,38.872840217300592],[-76.950986128400146,38.872862991495666],[-76.951074177759381,38.872885774637545],[-76.951103834808592,38.872893444202063],[-76.951162227174919,38.872908557712911],[-76.951250265122752,38.872931340717031],[-76.951372177216456,38.872962875916478],[-76.951372066448684,38.873108523747526],[-76.951408020858565,38.873108538713076],[-76.951408504970686,38.873108376763248],[-76.951443858863456,38.873100249314952],[-76.95148006482016,38.87309799501918],[-76.951516153831065,38.873101674209501],[-76.951540260873472,38.873106538163583],[-76.9515632149038,38.873115365396153],[-76.951584369322774,38.873127907250137],[-76.951603128224917,38.873143810430108],[-76.951618963184842,38.873162626954418],[-76.951631428142605,38.873183826774486],[-76.951640171968904,38.873206812705938],[-76.951644948356162,38.873230937250867],[-76.9516456227568,38.873255520837397],[-76.951642176173451,38.873279870962783],[-76.951634705693976,38.873303301700702],[-76.951623421756665,38.873325153023359],[-76.951608642222268,38.873344809393991],[-76.951590783420158,38.873361717106135],[-76.951570348420489,38.873375399881148],[-76.951547912863205,38.873385472284646],[-76.951524108742532,38.87339165058394],[-76.95149960660423,38.873393760740584],[-76.951475096656679,38.873391743312915],[-76.951451269328302,38.873385655130477],[-76.951428795818572,38.873375667693203],[-76.951408309190825,38.873362062340327],[-76.951290039505096,38.873362013070867],[-76.951338513955932,38.873320945950233],[-76.950368341246644,38.873320537671489],[-76.950368204825139,38.873516695600642],[-76.95090076018478,38.873733698928774],[-76.951028489408259,38.873602671285447],[-76.951535137185786,38.873809112009866],[-76.951556946017391,38.873818003343487],[-76.951634815011374,38.873849727179064],[-76.951712684068539,38.873881459970931],[-76.951790553200965,38.8739131837023],[-76.951868422396643,38.873944916389974],[-76.951946291667539,38.873976640017148],[-76.952024161001717,38.874008372600642],[-76.952102030411126,38.874040096123629],[-76.95211760660375,38.874046444426277],[-76.952279958250671,38.873802959703511],[-76.952296188747226,38.873778607612998],[-76.952373320691635,38.873810033377858],[-76.952451190033827,38.873841765677511],[-76.952529059451322,38.873873488916672],[-76.952606928931999,38.873905221112146],[-76.952623170864214,38.873880868981296],[-76.952701040394885,38.873912601113943],[-76.952684798481997,38.87393695325548],[-76.952762668107212,38.873968676338336],[-76.952840537795637,38.874000408377526],[-76.952918407559338,38.874032131356174],[-76.952996277386248,38.874063863291191],[-76.953074147288419,38.874095586165645],[-76.953152017253842,38.874127317996425],[-76.953229887294469,38.874159040766727],[-76.953307757398392,38.874190772493321],[-76.953405005842413,38.874230394252734],[-76.953461980649905,38.874230416970455],[-76.953630611790388,38.874230484046251],[-76.953630759234386,38.874003562450994],[-76.95363083973993,38.873879660914042],[-76.953824995654102,38.87387973784115],[-76.953912808336213,38.873879772527715],[-76.954000621018494,38.873879807148221],[-76.954088433700775,38.873879841702689],[-76.954176246383128,38.873879876191118],[-76.954264059065665,38.87387991061351],[-76.954351871748187,38.873879944969907],[-76.954439684430795,38.873879979260259],[-76.954527497113574,38.873880013484566],[-76.954615309796367,38.873880047642857],[-76.954703122479231,38.873880081735116],[-76.954790935162265,38.873880115761345],[-76.954878747845314,38.873880149721572],[-76.95496656052849,38.873880183615725],[-76.955054373211709,38.873880217443862],[-76.955229998578446,38.873880284902022],[-76.955405623945424,38.873880352096101],[-76.955581249312814,38.873880419026051],[-76.955844687364475,38.873880518925723],[-76.95619593810126,38.873880651200864],[-76.956986252263562,38.873880944957179],[-76.957020409323761,38.873880957532656],[-76.957141053812023,38.87388100186984],[-76.957371564051215,38.874041823159651],[-76.95768752937127,38.874294146294645],[-76.958040234176423,38.874294273548635],[-76.958091458539712,38.874294291941524],[-76.958141507450819,38.87429430989063],[-76.958144157980271,38.874294310840597],[-76.958144117540172,38.874363261133119],[-76.958144101615602,38.874390412450083],[-76.958091389441407,38.874431579958703],[-76.958091349130115,38.874500223963985],[-76.958092121243041,38.874500224241046],[-76.958442602921139,38.87450034948165],[-76.958619439844938,38.874500412273051],[-76.95894312805143,38.874500526514851],[-76.958943070140151,38.874601186371443],[-76.959329449858728,38.874601321564811],[-76.959329443600481,38.874612302803769],[-76.95935577594777,38.874632905176135],[-76.959355692283026,38.874779805144037],[-76.959434736215016,38.874779841634357],[-76.959434673784131,38.874889672036652],[-76.959381973514965,38.874930831119855],[-76.959381897383508,38.87512533147116],[-76.959399452416264,38.875139066377642],[-76.959469703803776,38.875139090778781],[-76.959557518038238,38.875139121220798],[-76.9596453322727,38.875139151596791],[-76.959733146507233,38.875139181906725],[-76.959820960741936,38.875139212150636],[-76.95990877497664,38.875139242328501],[-76.959996589211386,38.875139272440379],[-76.960258314813757,38.875139361795462],[-76.960347754844065,38.875200018730858]]],[[[-76.961553784605258,38.875905455370884],[-76.961573848351293,38.875905579083152],[-76.961680340835485,38.875908363816315],[-76.961786438077112,38.875917943964851],[-76.961891706896552,38.875934280414398],[-76.961995717496464,38.875957306465615],[-76.962098045216663,38.875986928106464],[-76.962198272267912,38.876023024396098],[-76.96229598943772,38.876065447958588],[-76.962390797761032,38.876114025584691],[-76.962482310149241,38.876168558939007],[-76.962570152970528,38.876228825369765],[-76.962653967575406,38.87629457881787],[-76.963234850109558,38.876792828444103],[-76.963307048805831,38.876854640353407],[-76.96338152083112,38.876913693560979],[-76.963458160838428,38.876969904531045],[-76.964252914515626,38.876573204451184],[-76.964110815418707,38.876396055763692],[-76.964044865221169,38.876365551059081],[-76.963978903582898,38.876334992263132],[-76.963912930481371,38.87630442441781],[-76.963846968956119,38.87627386554702],[-76.963781007487356,38.876243306638841],[-76.963715046079656,38.876212738684814],[-76.963649073199591,38.876182179698219],[-76.963583111904924,38.876151611669336],[-76.963517150662156,38.876121052611495],[-76.96345118947589,38.876090493516216],[-76.963385228350816,38.876059925375088],[-76.963319255780974,38.876029312150976],[-76.963261587083039,38.875986450079232],[-76.963205208679852,38.875944552283862],[-76.963153397691812,38.875895440174382],[-76.963090226627898,38.875840901395485],[-76.96315889210733,38.875699716416712],[-76.962855035806854,38.875558926986749],[-76.962781793364769,38.875527188646366],[-76.962706142782224,38.875501717742694],[-76.962628619282071,38.875482694480674],[-76.962549771337933,38.875470253448626],[-76.962470156793771,38.875464482666032],[-76.962390338917217,38.875465422960787],[-76.962310882414414,38.875473067680382],[-76.962232349434885,38.875487362738916],[-76.961410657943233,38.87570405242537],[-76.961435877513651,38.87590904688237],[-76.961494802839155,38.875906324671924],[-76.961553784605258,38.875905455370884]]],[[[-76.963693243470786,38.877115922891782],[-76.963794745809096,38.877177482875801],[-76.963899308283146,38.877233688261093],[-76.964006648672225,38.877284387345767],[-76.964116477257846,38.87732944328981],[-76.964228497605745,38.877368734484371],[-76.964342407365947,38.877402154880052],[-76.964457899088799,38.877429614273083],[-76.965664261880264,38.877677480850899],[-76.965789518418291,38.877703743140053],[-76.965913624515167,38.877734993497988],[-76.966036381615567,38.877771181927777],[-76.966157593322464,38.877812250532152],[-76.966277065711211,38.877858133606118],[-76.966316310644231,38.877874909555871],[-76.966408085750359,38.877791806509705],[-76.966841272731941,38.877394939279149],[-76.966291637690176,38.877140303736368],[-76.966140785822603,38.877277872372829],[-76.966074810927452,38.877247296745338],[-76.966008847604826,38.877216739100596],[-76.965942884338773,38.877186181418423],[-76.965876921124803,38.877155632707215],[-76.965797511922034,38.877142772513629],[-76.965718137308485,38.877129939301383],[-76.965651770985119,38.877099183151223],[-76.965585807980631,38.87706862526673],[-76.96551984503256,38.877038067344841],[-76.965453882145354,38.877007500377125],[-76.965387907785768,38.876976942376977],[-76.96532194500729,38.876946384342808],[-76.965255982289619,38.876915817262848],[-76.965189962010498,38.876885241119879],[-76.965123907227905,38.876854637903932],[-76.965058082942392,38.87682413381178],[-76.964992316317691,38.876793665733217],[-76.964926411486886,38.876763134517127],[-76.964907308315034,38.876754282532197],[-76.96489742944263,38.876759216165411],[-76.964812335085483,38.876801665153884],[-76.964791678192839,38.876811964535399],[-76.964537818431822,38.876694355165412],[-76.963693243470786,38.877115922891782]]]]}},{"type":"Feature","properties":{"id":"DPR_019A","name":"Joy Evans Therapeutic Recreation Center","address":"6th St., between L and M Sts., SE","type":"PARK","ward":"6","water":1,"playground":1,"picnic":0,"benches":3,"pool":1,"garden":"N"},"geometry":{"type":"Polygon","coordinates":[[[-76.998755282638314,38.876609630034174],[-76.998262798229462,38.876609623755471],[-76.998262776864294,38.87748826672604],[-76.99862810536132,38.877488271582507],[-76.998628106951244,38.877405448389887],[-76.998755268779561,38.877405449812152],[-76.998755282638314,38.876609630034174]]]}},{"type":"Feature","properties":{"id":"DPR_0129","name":"Triangle Park RES 0129","address":"Virginia Ave. and south of M St., SE","type":"TRIANGLE","ward":"6","water":0,"playground":0,"picnic":0,"benches":0,"pool":0,"garden":"N"},"geometry":{"type":"Polygon","coordinates":[[[-76.98710159062469,38.87613395681614],[-76.987048292492034,38.876250285370347],[-76.987048275115157,38.876409544833216],[-76.988086287902121,38.876409655320003],[-76.98710159062469,38.87613395681614]]]}},{"type":"Feature","properties":{"id":"DPR_0634","name":"King-Greenleaf","address":"Canal St., between M and N Sts., SW","type":"REC CENTER GROUNDS","ward":"6","water":0,"playground":1,"picnic":0,"benches":0,"pool":0,"garden":"N"},"geometry":{"type":"Polygon","coordinates":[[[-77.012297713632563,38.876325323509057],[-77.012407748320598,38.876325311868371],[-77.012548253443768,38.87632529685343],[-77.012856493599813,38.875609681197425],[-77.012859788112607,38.875601574329416],[-77.012861751721431,38.875593046764472],[-77.012862334466433,38.875584315468359],[-77.012861521520904,38.875575602590359],[-77.012859333568514,38.875567129811131],[-77.012855826277061,38.87555911270254],[-77.012851088882115,38.875551755242881],[-77.012845241916651,38.87554524462707],[-77.012838434144243,38.875539746503897],[-77.012830838774221,38.875535400761422],[-77.012759906327275,38.875466872634163],[-77.012756003140197,38.875446508608412],[-77.012755543275404,38.875425778993396],[-77.012758539557936,38.875405261910146],[-77.01276490842551,38.875385529552453],[-77.012774472258968,38.875367132229179],[-77.012786964335902,38.875350583016875],[-77.012802036269136,38.875336343450762],[-77.012819267722733,38.875324810653147],[-77.012838178134714,38.87531630625822],[-77.012858240119158,38.875311067442084],[-77.012878894174349,38.875309240308262],[-77.012899564286556,38.875310875813057],[-77.012919673994176,38.875315928344449],[-77.012992268455363,38.875335027104541],[-77.013280134076055,38.87466666153329],[-77.014125219556391,38.874666562359714],[-77.014285669634461,38.874666542839599],[-77.01428556721622,38.874155009821642],[-77.014285533351298,38.87398586808267],[-77.01426953529986,38.873937383111532],[-77.014247374371635,38.873891387205873],[-77.014219426129969,38.873848659862588],[-77.014186164216298,38.873809925185938],[-77.014148152323358,38.873775839616094],[-77.014106034642253,38.87374698080437],[-77.014060524945222,38.873723837823732],[-77.014012394489342,38.873706802880434],[-77.013807338443485,38.873652830947513],[-77.013240770881765,38.873503708423961],[-77.01273587376464,38.874666722166545],[-77.012683829345022,38.874787530479395],[-77.012435196412952,38.874787557223399],[-77.012297448582657,38.874787571812291],[-77.012297503677928,38.875107225869691],[-77.012297713632563,38.876325323509057]]]}},{"type":"Feature","properties":{"id":"DPR_0333","name":"East Potomac Pool","address":"1000 Ohio Dr., SW","type":"POOL/SPRAY PARK","ward":"2","water":0,"playground":0,"picnic":0,"benches":0,"pool":1,"garden":"N"},"geometry":{"type":"Polygon","coordinates":[[[-77.027906780135183,38.874816918519265],[-77.027469011734681,38.874304444308862],[-77.027005721041334,38.874545256848293],[-77.02704417148766,38.874591767331538],[-77.027078103663015,38.874575238060949],[-77.027095743657995,38.874596673963069],[-77.027126046229171,38.87458144273041],[-77.027129813886773,38.874579550090978],[-77.027184036313855,38.874644217798433],[-77.02711444472564,38.87468098825299],[-77.027135382159912,38.8747063870793],[-77.027106116540025,38.874721176661673],[-77.027176628380104,38.874800920651118],[-77.027144344279364,38.874817999079021],[-77.02717754838028,38.874856367141653],[-77.027208991424772,38.874839802379512],[-77.027264736474706,38.874907523539605],[-77.027293391544916,38.874893220514259],[-77.027309256055162,38.874912278580261],[-77.027390059161988,38.874871361517712],[-77.027460618313299,38.874953051137105],[-77.027449211728268,38.874959089447081],[-77.02746685154824,38.874979534367768],[-77.027438738331625,38.874994404837345],[-77.027456724020738,38.875015210014212],[-77.027480704990509,38.875043040329565],[-77.027512505184731,38.875026187133372],[-77.027906780135183,38.874816918519265]]]}},{"type":"Feature","properties":{"id":"DPR_343D","name":"Anacostia Recreation Center","address":"1800 Anacostia Drive SE","type":"REC CENTER GROUNDS","ward":"6","water":0,"playground":1,"picnic":0,"benches":0,"pool":1,"garden":"N"},"geometry":{"type":"Polygon","coordinates":[[[-76.982167505226741,38.873031715398227],[-76.980898905671651,38.873669219625498],[-76.981397629240021,38.874280745379657],[-76.982832322178083,38.873770413925889],[-76.983439853709825,38.873522140003608],[-76.984140946746535,38.87320684412866],[-76.984146220107277,38.873175540645207],[-76.984263141583142,38.873121587116742],[-76.983137736954916,38.871741666885193],[-76.982563235445497,38.87203465295692],[-76.982539895315739,38.872006687382282],[-76.980426265039654,38.873072523881618],[-76.980456355161621,38.873109634532341],[-76.980446178384483,38.873114073971557],[-76.980670692175821,38.873389381105284],[-76.981942399580944,38.872754402160673],[-76.982167505226741,38.873031715398227]]]}},{"type":"Feature","properties":{"id":"DPR_336B","name":"Triangle Park RES 336B","address":"Minnesota Ave., between 22nd & Q Sts., SE","type":"TRIANGLE","ward":"8","water":0,"playground":0,"picnic":0,"benches":0,"pool":0,"garden":"N"},"geometry":{"type":"Polygon","coordinates":[[[-76.975056684632719,38.87082614660978],[-76.97505731173591,38.871207986058899],[-76.975816312352478,38.87082693697095],[-76.975056684632719,38.87082614660978]]]}},{"type":"Feature","properties":{"id":"DPR_336C","name":"Triangle Park RES 336C","address":"Naylor Rd., between 22nd & Q Sts., SE","type":"TRIANGLE","ward":"8","water":0,"playground":0,"picnic":0,"benches":0,"pool":0,"garden":"N"},"geometry":{"type":"Polygon","coordinates":[[[-76.974865164045198,38.870827006387842],[-76.974316761078782,38.870828148248201],[-76.97486607286541,38.871191306532424],[-76.974865164045198,38.870827006387842]]]}},{"type":"Feature","properties":{"id":"DPR_0028","name":"Randle Highlands","address":"3000 R St., SE","type":"PARK","ward":"7","water":0,"playground":0,"picnic":0,"benches":0,"pool":0,"garden":"N"},"geometry":{"type":"Polygon","coordinates":[[[-76.964614787133073,38.87077372314419],[-76.964615429255872,38.869478602545449],[-76.96432215066551,38.869478513313261],[-76.964322198706853,38.869382411620549],[-76.96421903651391,38.869379903105376],[-76.964116148225273,38.869371982829954],[-76.964013817538941,38.869358672633176],[-76.963912326615443,38.869340009215783],[-76.96387966260383,38.869332280733097],[-76.963848535053586,38.86931972116647],[-76.963819654006443,38.869302617008636],[-76.963793678259862,38.869281358417709],[-76.963771200339252,38.869256430317421],[-76.96375273298213,38.86922840133564],[-76.963738697442167,38.869197910833563],[-76.963736983686658,38.869191604414802],[-76.963600512429792,38.869217668327693],[-76.963558337207203,38.869082700191903],[-76.963503270339487,38.869084520078928],[-76.963448243133499,38.869081749066694],[-76.963393637665931,38.869074406395498],[-76.9633398330852,38.86906254304855],[-76.96322310640609,38.869033733486098],[-76.963205858379652,38.869029476083611],[-76.963188352238731,38.869026835350432],[-76.963170668347573,38.869025987744678],[-76.96316459556563,38.869026102938633],[-76.963144785888318,38.869025361565576],[-76.963125147778825,38.869028066672854],[-76.963106276300977,38.869034136291695],[-76.963088743288452,38.86904338650367],[-76.963073080017523,38.869055537013665],[-76.963059761108468,38.869070219643227],[-76.963049190143948,38.869086989486952],[-76.963041687439855,38.869105338393751],[-76.96303748033921,38.869124710364574],[-76.9630366963234,38.869144518400027],[-76.963039359149263,38.869164162287319],[-76.963385489816972,38.87027190921448],[-76.964614787133073,38.87077372314419]]]}},{"type":"Feature","properties":{"id":"DPR_343C","name":"Poplar Point","address":"South Capitol Street, I-295, 11th St. & Frederick Douglass Memorial Bridges, SE","type":"LARGE PARK","ward":"8","water":0,"playground":0,"picnic":0,"benches":0,"pool":0,"garden":"N"},"geometry":{"type":"Polygon","coordinates":[[[-76.989419275637673,38.870367722124087],[-76.989644588079003,38.870638850318876],[-76.989743916160421,38.870587024711696],[-76.989847614315067,38.870515263795404],[-76.989911550728536,38.870475415526968],[-76.989973623117947,38.870432721640555],[-76.989981609734713,38.870426398424264],[-76.990008116521167,38.870405501190895],[-76.990034853735182,38.870384784139247],[-76.990061821389347,38.870364157185108],[-76.990364860496044,38.870133783556099],[-76.990368145342202,38.8701287030853],[-76.99037413827196,38.870122938198662],[-76.99037932445566,38.870117984001922],[-76.990382654403206,38.87012025439482],[-76.990389603706276,38.870114967031697],[-76.990389811375508,38.870113120325314],[-76.990389696396562,38.870111228550293],[-76.990389120482874,38.870109336737372],[-76.990388198856181,38.870107534980058],[-76.990386931516397,38.870105823278372],[-76.990385318439294,38.870104381800445],[-76.990403873213893,38.870088348361243],[-76.990405140614342,38.870089609642356],[-76.99040675375204,38.870090600699704],[-76.990408482135507,38.870091501682374],[-76.990410325789028,38.8700921324223],[-76.990412284700312,38.870092583003455],[-76.990414358881623,38.870092763341852],[-76.990416317865595,38.87009267341854],[-76.990418392119466,38.870092313252442],[-76.990420040025754,38.87009182693361],[-76.990426021260546,38.870087287186728],[-76.990419776180588,38.87008294462229],[-76.990425423002662,38.870080152479041],[-76.990433835358701,38.87007790106648],[-76.990439136184662,38.870077306945618],[-76.990647084433519,38.869919226230692],[-76.990681957604053,38.869891987593256],[-76.990727191205494,38.869857155680563],[-76.991269127615197,38.869431973562662],[-76.991399262888564,38.869337398298633],[-76.991532720953458,38.869247572829778],[-76.991546861103515,38.869237862789419],[-76.99157348190343,38.869219667727471],[-76.991600217911369,38.869201562751762],[-76.991608745644797,38.869196878992192],[-76.991614622920551,38.869193185966687],[-76.991622689755019,38.869188231920745],[-76.991633637551118,38.86918192681933],[-76.991646659576745,38.869175171444788],[-76.991656339951973,38.869167695157394],[-76.991664867930197,38.869160849375625],[-76.991673856688166,38.869155264803283],[-76.991683536847873,38.869149590195384],[-76.991692755972764,38.869144816394758],[-76.991701975107006,38.869139952509336],[-76.991710963848959,38.869134458018216],[-76.991719145860472,38.869129864310054],[-76.991727327808178,38.869125811105867],[-76.991772271392108,38.869099149390216],[-76.991804769008169,38.869080143932123],[-76.991837612271851,38.869061408741338],[-76.991870570719612,38.869042943801567],[-76.99190387481525,38.869024749128663],[-76.991937409337453,38.869006734630283],[-76.991971059034029,38.868989080466477],[-76.992005054389196,38.86897160648477],[-76.992039280151161,38.868954492845255],[-76.992073621108545,38.868937559371552],[-76.992108192483229,38.868920896155601],[-76.992141496134153,38.868905674189541],[-76.992174914972921,38.868890722473928],[-76.992208564231561,38.868876041016399],[-76.992242443920063,38.868861539732592],[-76.992276438787485,38.868847398782925],[-76.992310664085181,38.868833438006675],[-76.992345004562424,38.868819837564295],[-76.992379575470494,38.868806417294969],[-76.992414261568442,38.868793267275151],[-76.992449178078417,38.868780477596303],[-76.992487436460081,38.868766066608238],[-76.992525925242134,38.868752106042862],[-76.992564529221767,38.868738325640308],[-76.992603363602655,38.868724995659989],[-76.992642428404025,38.868711935933504],[-76.992681608385539,38.868699236537537],[-76.992720903556986,38.868686807387846],[-76.992760544372146,38.868674738582733],[-76.992800185137597,38.868663030100528],[-76.992825029723321,38.868655960027809],[-76.992980624657179,38.868611636560971],[-76.99313742068091,38.868571769781617],[-76.993295290169996,38.868536392139404],[-76.993454104626181,38.868505532430056],[-76.993613734782031,38.868479215771906],[-76.993800537992598,38.868454110388882],[-76.993829334554277,38.868450220280572],[-76.993865171809389,38.868445357626932],[-76.993901124290545,38.868440494968269],[-76.993937076766883,38.868435632298542],[-76.993973029238262,38.868430769617731],[-76.994016010573674,38.868428519724965],[-76.99405887666785,38.868426359894684],[-76.994101857982926,38.868424290138535],[-76.994144954519129,38.868422310456467],[-76.994187935799928,38.868420601005035],[-76.994230917078767,38.868418891537772],[-76.994273898340978,38.868417362222914],[-76.994316994825212,38.868415922981931],[-76.994359976062469,38.868414663887656],[-76.994403072522132,38.868413494867205],[-76.99449122419604,38.868413318889338],[-76.994504706311702,38.868412058346976],[-76.994520493100623,38.868410077238394],[-76.994538123493811,38.868409267307129],[-76.99455517767025,38.868409268103264],[-76.994571770902326,38.868409539127825],[-76.994586981349855,38.868409990254136],[-76.994599771948174,38.868410441266626],[-76.994607953330132,38.868410621812743],[-76.99462097435665,38.868411523254011],[-76.994631460289483,38.8684126047456],[-76.994641946209214,38.868413866404403],[-76.994653353976645,38.868415128104488],[-76.994662353454473,38.868415903239274],[-76.994824206326555,38.868422738897273],[-76.994825508432385,38.868422793005401],[-76.994844060588193,38.868423154162116],[-76.994850513514493,38.868423244530845],[-76.99486918083683,38.868424506529607],[-76.994888885218955,38.868426038823088],[-76.994912230845983,38.868428327978265],[-76.995060522489467,38.868440725791551],[-76.995208453140052,38.868456870137813],[-76.995214410565197,38.868457131625888],[-76.995226624960665,38.868458483387059],[-76.995238493627596,38.86846037563749],[-76.995252206051148,38.868461367120659],[-76.995267070821058,38.868461818144354],[-76.995279285295766,38.868461998806751],[-76.995288273409386,38.868460557824022],[-76.99529553309921,38.868458486182355],[-76.995303945033342,38.868457405511613],[-76.995311895978162,38.868457315746845],[-76.995319731650653,38.868457856565605],[-76.995326875831196,38.868460018870017],[-76.995333328555446,38.868463262155451],[-76.995339781362503,38.868465244263199],[-76.995347501640737,38.868468307430248],[-76.995357987393803,38.86847245171591],[-76.995382876799709,38.868480109850601],[-76.995393708418277,38.86848164170781],[-76.995445331423483,38.868489481048385],[-76.995486237985233,38.868496779447959],[-76.995527029312996,38.868504257997024],[-76.995567820632544,38.868512006784066],[-76.99559046326975,38.868516403744842],[-76.995700996758288,38.868538568091189],[-76.995811070471817,38.868562913274012],[-76.995851400842042,38.868572193375059],[-76.995899912436172,38.868584987029308],[-76.995948424052813,38.868597690579257],[-76.995963922424011,38.868601735891623],[-76.997810488546605,38.869070762868169],[-76.997917711127528,38.86909770897838],[-76.998243135872869,38.86918065474179],[-76.998557844831453,38.869260581648547],[-76.99874475077938,38.869308211260012],[-76.998905591504624,38.869348786747203],[-76.9989845139105,38.869369299604799],[-77.000261233275495,38.869693282097195],[-77.000402195441396,38.869727015866047],[-77.000544583719346,38.869754106042869],[-77.000688085174687,38.869774493090063],[-77.000832384426261,38.869788132201876],[-77.000977164339574,38.869794993402877],[-77.001122106723727,38.869795061613821],[-77.001266893030774,38.869788336684792],[-77.00141120505576,38.869774833395546],[-77.001554725636126,38.869754581423017],[-77.001697139348664,38.869727625276091],[-77.001838133202838,38.869694024197791],[-77.001977397328588,38.869653852035086],[-77.002114625657384,38.869607197076576],[-77.002249516594873,38.86955416185846],[-77.00235532563002,38.86950491395357],[-77.002458401557547,38.869450175838693],[-77.002558459747306,38.86939009866569],[-77.002655223902252,38.869324848329484],[-77.002748426821313,38.869254605009999],[-77.002837811137354,38.869179562674603],[-77.002923130027739,38.869099928542475],[-77.003004147895965,38.869015922512432],[-77.003080641022223,38.868927776555694],[-77.003152398181172,38.868835734075311],[-77.00321922122518,38.868740049234063],[-77.003604134023135,38.868158166773163],[-77.004061491135261,38.86747499891969],[-77.003437546274029,38.867222738401225],[-77.003281278346421,38.867095084696075],[-77.003153380208929,38.866966330989612],[-77.00306894782544,38.866864213880248],[-77.003012056186762,38.866784553972579],[-77.002942822321572,38.866670563287897],[-77.002875385172914,38.866530276958912],[-77.002818110295564,38.866362820969073],[-77.002779892928785,38.866160438875575],[-77.002772604225598,38.865997404782433],[-77.002778239050102,38.865707342732755],[-77.002785403259978,38.865338529072432],[-77.002792233917376,38.86498695750327],[-77.002798949512766,38.864641250394207],[-77.002809827719574,38.864081259965587],[-77.001920688570848,38.863574095114664],[-77.001408123767774,38.863255339577378],[-77.000837733155109,38.862900629606123],[-77.000794006874841,38.862943600067368],[-77.000549112653403,38.862791305160265],[-77.000286765063663,38.863049172075797],[-76.998873358879251,38.862170170562685],[-76.999095161770185,38.861952168735684],[-76.997113257807655,38.862713375032641],[-76.997207723204824,38.86283860335319],[-76.997289631819115,38.862908546641535],[-76.997344510127903,38.862960976895565],[-76.997408732593385,38.863025676796305],[-76.997626188936451,38.863103045709813],[-76.997631222611034,38.863149556273676],[-76.997845639062731,38.86318164840732],[-76.998031754748283,38.863297400849376],[-76.998103582054455,38.863391792236257],[-76.998207811581153,38.863433133508622],[-76.998421778830547,38.863507969516299],[-76.998490762819586,38.863509204580311],[-76.998612023326615,38.863518935173275],[-76.998723363222098,38.86352535043487],[-76.998863404761593,38.863559250553834],[-76.998989999736239,38.863604248759323],[-76.999207689360489,38.863739628927654],[-76.999550271417945,38.863756008045698],[-76.999841694206495,38.863873325412357],[-76.999927270758576,38.863887711937096],[-77.000203381256,38.863934123140737],[-77.000567130528481,38.863882179403248],[-77.000872742145702,38.864210966699936],[-77.001024946877394,38.864569617526861],[-77.000867705768954,38.865067703097502],[-77.000430366819188,38.864991061941033],[-77.000210483755737,38.865519072758765],[-76.999686884710712,38.865385802055371],[-76.999686884704914,38.865387126292291],[-76.999401574669761,38.865247386656442],[-76.999400330236497,38.865246729035775],[-76.999083277013398,38.865080476686927],[-76.998557933366129,38.864872845438342],[-76.998298321884789,38.86477024510566],[-76.997619616003433,38.864643962293584],[-76.997298210090491,38.86458415744152],[-76.996941346654268,38.864604615765607],[-76.996273104220009,38.864755063926069],[-76.993282585093866,38.865404319843634],[-76.992607582112882,38.8654879672427],[-76.992607582250002,38.86548664300576],[-76.9930996921549,38.864990786908763],[-76.993471955703953,38.864811829113499],[-76.994521937190839,38.864307051456187],[-76.99556408006643,38.864174572868286],[-76.995878619194073,38.864167269554443],[-76.997249135461814,38.864295616734132],[-76.997527307624665,38.864361879851749],[-76.997617323812577,38.864275031581933],[-76.99712197582771,38.863962986904014],[-76.996858563091848,38.864218963281189],[-76.995550797441311,38.863391371586275],[-76.995861888972343,38.86316771301734],[-76.995740391305105,38.863093686480276],[-76.994920227205554,38.863417091924447],[-76.995099287014114,38.863534245033883],[-76.994955345302287,38.863606099050791],[-76.994812371208951,38.863677502511493],[-76.994682279153523,38.863744231015048],[-76.994528518753484,38.863826551836269],[-76.994417876707757,38.863883074416869],[-76.994276998818236,38.863951675701323],[-76.994155041149895,38.86401126033833],[-76.993987359918876,38.864100633335994],[-76.993827307134438,38.864178088360099],[-76.993697317852323,38.86423456418845],[-76.993575774281808,38.864291283563631],[-76.993447143938539,38.864351065275905],[-76.993309340682501,38.864419701593675],[-76.99319909959145,38.864480907413096],[-76.993113805899057,38.864527133605741],[-76.993071043207891,38.864556210242959],[-76.99301375026316,38.864589150606527],[-76.99295196318316,38.864625279649843],[-76.992917474388847,38.864645519473562],[-76.992858660180531,38.864679982090529],[-76.992799027768314,38.864714940090067],[-76.992728183233098,38.864756482513151],[-76.99265751148917,38.86479767357563],[-76.99256238736703,38.864853438656532],[-76.992508550859981,38.864884910618983],[-76.992459208351121,38.86491392354926],[-76.99239061044446,38.864954249775153],[-76.992281220207531,38.865017310511476],[-76.991314134188457,38.865954910431199],[-76.99131899639471,38.86595796464492],[-76.991347478239831,38.865976614174677],[-76.991260137300031,38.866061566019951],[-76.991156777630465,38.866162110150526],[-76.991110784846057,38.866206851448062],[-76.991116684024178,38.866210572371607],[-76.991012135264754,38.86632563784314],[-76.990948924128602,38.866395204935714],[-76.990824233982337,38.866502620530319],[-76.990728100157298,38.866585445293708],[-76.990599306756607,38.866696409633484],[-76.990476033028571,38.866802608829268],[-76.990315156689533,38.866932280703168],[-76.990208829993151,38.867055110545323],[-76.990029620393997,38.86726212670537],[-76.989846433688669,38.867473727518927],[-76.989836565449039,38.867506048840553],[-76.989706119270977,38.867470697418447],[-76.989625838273128,38.867554594658088],[-76.989758934744756,38.867590649057853],[-76.989875875269462,38.867795420436188],[-76.989921702408097,38.867875653306449],[-76.989153342179137,38.868143845934334],[-76.989128580438376,38.86821101934774],[-76.989128580236695,38.868212343584013],[-76.989063075826508,38.86833541937645],[-76.988653090748954,38.868441895704123],[-76.988577744426394,38.868349813401174],[-76.988027885959781,38.868693375114027],[-76.988804099356983,38.869627452936243],[-76.989419275637673,38.870367722124087]]]}},{"type":"Feature","properties":{"id":"DPR_0713","name":"Fort Davis","address":"41st St., between Fort Davis St. & Fort Davis Pl., SE","type":"REC CENTER GROUNDS","ward":"7","water":1,"playground":1,"picnic":8,"benches":10,"pool":0,"garden":"N"},"geometry":{"type":"Polygon","coordinates":[[[-76.944322907779295,38.869010396957755],[-76.944695098200455,38.869660990038042],[-76.9450442124228,38.87026878105862],[-76.945204248517143,38.870230144896297],[-76.945363334192507,38.870187765037535],[-76.94550943527949,38.870145301828636],[-76.945654565144864,38.870099629365335],[-76.945798653303541,38.870050769829355],[-76.945954610374969,38.86999371656016],[-76.946109090029225,38.869932776260875],[-76.946261995404441,38.8698679871423],[-76.94603475070447,38.869615052330779],[-76.945940587837384,38.869562219497773],[-76.945810128076999,38.869310419016848],[-76.945769993967687,38.869232837974479],[-76.945506765696081,38.868723902388581],[-76.94541826052729,38.868552791326707],[-76.945507479449901,38.868483324092111],[-76.945470305163212,38.868454137503036],[-76.945296802496173,38.868317957273767],[-76.945272513287705,38.868270994051322],[-76.944322907779295,38.869010396957755]]]}},{"type":"Feature","properties":{"id":"DPR_314A","name":"Triangle Park RES 314A","address":"Minnesota Ave.,16th St.,T St.,SE","type":"TRIANGLE","ward":"8","water":0,"playground":0,"picnic":0,"benches":0,"pool":0,"garden":"N"},"geometry":{"type":"Polygon","coordinates":[[[-76.982318262191839,38.867348424215926],[-76.982318433780577,38.867586066137207],[-76.982800334946546,38.867349135806847],[-76.982318262191839,38.867348424215926]]]}},{"type":"Feature","properties":{"id":"DPR_314C","name":"Triangle Park RES 314C","address":"Minnesota Avenue and Good Hope Road, SE","type":"SMALL PARK","ward":"8","water":0,"playground":0,"picnic":0,"benches":0,"pool":0,"garden":"N"},"geometry":{"type":"Polygon","coordinates":[[[-76.98369387996361,38.866592133964772],[-76.983653461412601,38.866728110303988],[-76.983749408182959,38.866845845629179],[-76.983764130261363,38.866863918552134],[-76.984151812092364,38.866675317630843],[-76.984107819773115,38.86666733019895],[-76.983765721645952,38.866605188155432],[-76.98369387996361,38.866592133964772]]]}},{"type":"Feature","properties":{"id":"DPR_0489","name":"Alger Park","address":"31st and W Sts., to Park and Hillcrest Drs., SE","type":"PARK","ward":"7","water":0,"playground":0,"picnic":0,"benches":0,"pool":0,"garden":"N"},"geometry":{"type":"Polygon","coordinates":[[[-76.967436819090295,38.865490534602905],[-76.966863342331521,38.864687453200048],[-76.96680830000534,38.864627669218407],[-76.966748738009983,38.864572386754269],[-76.966685023353534,38.864521946446139],[-76.966617548631817,38.864476659096233],[-76.966546729609405,38.864436803755339],[-76.966473002657722,38.864402626003418],[-76.966396822066187,38.864374336436327],[-76.966318657243065,38.864352109368234],[-76.966238989822955,38.8643360817575],[-76.9661583106992,38.864326352362767],[-76.966077116999003,38.86432298113445],[-76.965470357906199,38.864321497070648],[-76.965384640600533,38.86431407437307],[-76.965299781341855,38.864299880742564],[-76.965216314120966,38.864279005494879],[-76.965134764169008,38.864251579990935],[-76.965055644652438,38.8642177768102],[-76.964979453443775,38.864177808664735],[-76.964906669988679,38.864131927060647],[-76.963450191668585,38.862985465358129],[-76.963428466384158,38.862973723655472],[-76.963405089410074,38.862965762961551],[-76.963380713314095,38.862961805498976],[-76.963239820135982,38.862960932454726],[-76.963237338360742,38.862961581788944],[-76.963234988644317,38.862962611194618],[-76.963232828791561,38.862963995347563],[-76.96323091193652,38.862965700196561],[-76.963229285235329,38.862967683800989],[-76.963227988706095,38.862969897362653],[-76.963227054244427,38.862972286426213],[-76.963226504838815,38.862974792218857],[-76.963223582986657,38.864038892666947],[-76.963281851732432,38.864038829928113],[-76.963633054289303,38.864038462388088],[-76.963720854926791,38.864038372590137],[-76.963720534469488,38.864079441864703],[-76.963745895268445,38.864079422716024],[-76.964036370615631,38.86424784382006],[-76.964141562723498,38.864308836127051],[-76.96414125293326,38.864420891727754],[-76.964140985000654,38.864518434780194],[-76.964260392366697,38.864518309235997],[-76.964348193598283,38.864518209957936],[-76.964435994825067,38.86451811962224],[-76.964502272077226,38.864518049704621],[-76.964887294922988,38.864518688601891],[-76.964887159795566,38.864535723476799],[-76.964887953762542,38.864725305836735],[-76.9654296471859,38.864920292473762],[-76.965979603827407,38.865118251775328],[-76.966081686376114,38.865152420625733],[-76.966185389953324,38.865181298388151],[-76.966252844277179,38.865203154300708],[-76.966344692811518,38.865236127645325],[-76.966435260136436,38.865272472581331],[-76.966525220966489,38.86530502080879],[-76.966613490974169,38.865341909069755],[-76.966699860923597,38.86538304992402],[-76.966784126082786,38.865428345850979],[-76.966938580499928,38.865516338837992],[-76.966994434351662,38.865540834451572],[-76.967052555351174,38.865559317883402],[-76.967112298390504,38.865571583978536],[-76.967173000357974,38.865577496590724],[-76.967233987498403,38.865576990093551],[-76.96729458289137,38.865570070108824],[-76.967354113964603,38.865556813444194],[-76.967428147292011,38.865530655664266],[-76.967431776052521,38.865527899724263],[-76.967434927889641,38.865524608974987],[-76.967437524857672,38.865520864797482],[-76.96743950273293,38.86551675978621],[-76.967440812602064,38.86551239545912],[-76.967441422071673,38.865507879747121],[-76.96744131606944,38.865503324324898],[-76.967440497216813,38.865498841849188],[-76.967438985764232,38.865494543172744],[-76.967436819090295,38.865490534602905]]]}},{"type":"Feature","properties":{"id":"DPR_0490","name":"Triangle Park RES 0490","address":"Southern Ave., between Branch Ave. & Erie St., SE","type":"TRIANGLE","ward":"7","water":0,"playground":0,"picnic":0,"benches":0,"pool":0,"garden":"N"},"geometry":{"type":"Polygon","coordinates":[[[-76.95674419803197,38.856111808922158],[-76.95684412755736,38.856102230476324],[-76.956944463789895,38.856099021565839],[-76.957044801145642,38.856102195161931],[-76.957144734036049,38.85611173843612],[-76.957243858507567,38.856127612812131],[-76.957341773874461,38.856149754121788],[-76.957438084338506,38.856178072864424],[-76.957532400588875,38.856212454568634],[-76.957624341375862,38.856252760255046],[-76.957713535051951,38.856298826998056],[-76.957799621074187,38.856350468584452],[-76.957882251461456,38.856407476266106],[-76.958777949692177,38.857110093013347],[-76.958779515052399,38.8563545927055],[-76.958774105950781,38.856246171776981],[-76.958761562319765,38.856138343147009],[-76.958741938713914,38.856031575782076],[-76.958715320479897,38.85592633403305],[-76.958681823385291,38.855823075615604],[-76.958641593115104,38.855722249619539],[-76.958594804638182,38.855624294555618],[-76.958541661446162,38.855529636448395],[-76.958482394668565,38.855438686983341],[-76.958417262067471,38.855351841716363],[-76.95834654691653,38.85526947835347],[-76.958270556768881,38.85519195510804],[-76.958192386233677,38.855117424447528],[-76.958110615783028,38.855046862096856],[-76.956914237409819,38.855979285727841],[-76.95674419803197,38.856111808922158]]]}},{"type":"Feature","properties":{"id":"DPR_0519","name":"Douglass Recreation Center","address":"Douglass Rec Ctr. (Ft. Stanton Park to St. Elizabeth Hospital)","type":"REC CENTER GROUNDS","ward":"8","water":1,"playground":1,"picnic":4,"benches":6,"pool":1,"garden":"N"},"geometry":{"type":"Polygon","coordinates":[[[-76.977225170177462,38.852239380345566],[-76.977218098010439,38.852234964832938],[-76.977130701034724,38.852315014712282],[-76.976795285597575,38.852622433415],[-76.976742574892882,38.852670735158163],[-76.976717245147285,38.852693953852246],[-76.976492595639286,38.85289984163208],[-76.976407158957926,38.852899824399216],[-76.976250018136156,38.852899792540079],[-76.976466056541327,38.853026467834681],[-76.977009518851105,38.853131902714217],[-76.977106946468083,38.853031360717559],[-76.977520759847437,38.85298021016208],[-76.978297517000613,38.853081999280548],[-76.979135714100565,38.853071729315808],[-76.979263910981828,38.852690731450487],[-76.978960083964097,38.852401560414457],[-76.978689155097896,38.851671882112313],[-76.978113674015603,38.852019897618234],[-76.977983699135279,38.852098498799982],[-76.977692798646103,38.852274414344045],[-76.977225170177462,38.852239380345566]]]}},{"type":"Feature","properties":{"id":"DPR_0561","name":"Bald Eagle Hill","address":"Nichols & Southern Aves., SW","type":"REC CENTER GROUNDS","ward":"8","water":0,"playground":1,"picnic":1,"benches":5,"pool":0,"garden":"N"},"geometry":{"type":"Polygon","coordinates":[[[-77.010633477177265,38.819015174812726],[-77.010501063739056,38.81806849437055],[-77.010531269983062,38.817773004379305],[-77.0102545548922,38.8177730290301],[-77.01002728487623,38.817773048785334],[-77.009683301459773,38.818041440568578],[-77.009462202440062,38.818213953147833],[-77.009509251446261,38.818550371115663],[-77.009532487969992,38.818716566713654],[-77.00954850924451,38.818831135281883],[-77.009575353631149,38.819023040776472],[-77.009595639755929,38.819168192778449],[-77.010633477177265,38.819015174812726]]]}},{"type":"Feature","properties":{"id":"DPR_0714","name":"Reservoir Park","address":"10 LOWER SERVICE COURT NW","type":"REC CENTER GROUNDS","ward":"5","water":0,"playground":1,"picnic":0,"benches":0,"pool":1,"garden":"N"},"geometry":{"type":"Polygon","coordinates":[[[-77.009268888136745,38.922524415205181],[-77.009269038955665,38.923684488926078],[-77.010131449699955,38.923683462444259],[-77.010704983276312,38.923682780721748],[-77.010915880889456,38.923682526992579],[-77.01132653617924,38.923682037489478],[-77.011503437388413,38.923681822023873],[-77.011990792142726,38.923681232526938],[-77.011990597047372,38.922521158809353],[-77.009268888136745,38.922524415205181]]]}},{"type":"Feature","properties":{"id":"DPR_0534","name":"Edgewood","address":"Douglas St., between Franklin St. and Lincoln Rd., NE","type":"REC CENTER GROUNDS","ward":"5","water":1,"playground":1,"picnic":1,"benches":0,"pool":0,"garden":"N"},"geometry":{"type":"Polygon","coordinates":[[[-77.002977657163953,38.923832654249821],[-77.002520711294366,38.92383266500746],[-77.002186777780722,38.923832671739127],[-77.002134053257237,38.923832672714767],[-77.00213405457329,38.923876606296396],[-77.002134055889329,38.923920539877649],[-77.002134057205382,38.923964473458554],[-77.002134058521165,38.924008398030779],[-77.002134059837189,38.924052331610959],[-77.002134061893443,38.924120975014176],[-77.002134063949697,38.92418961841652],[-77.002134066005951,38.924258261817982],[-77.002134068062219,38.924326905218535],[-77.002134071352245,38.924436734657668],[-77.002134076287291,38.924601478812065],[-77.001923175919885,38.924601482476774],[-77.001548334190616,38.92460148805084],[-77.001548335086085,38.924642674088666],[-77.001548336578523,38.924711317484352],[-77.001548338070975,38.924779960879114],[-77.001548339563399,38.924848604273031],[-77.001548341055866,38.924917247666038],[-77.001548342548304,38.924985891058228],[-77.001548344040756,38.92505453444948],[-77.001548345533223,38.925123177839858],[-77.001548347025675,38.925191821229362],[-77.001548348518142,38.925260464617963],[-77.001548350010609,38.925329108005741],[-77.001548351503075,38.92539775139263],[-77.001548352995542,38.925466394778589],[-77.001548353891025,38.925507580809743],[-77.00192320038326,38.925507575235621],[-77.002134103430478,38.925507571570876],[-77.002447632583227,38.925507565419352],[-77.00252076912416,38.925467278664065],[-77.002573493806906,38.925438225687365],[-77.002646987699222,38.925397731653327],[-77.002771580010304,38.925329085375786],[-77.002806652500553,38.925310510234929],[-77.002838985943526,38.92528749580697],[-77.002868021788643,38.925260439659276],[-77.002885492133416,38.925239361552478],[-77.002900359865791,38.925216373510665],[-77.002912418256869,38.925191795171884],[-77.002933807787414,38.925123151246922],[-77.002955197276833,38.925054507317185],[-77.002976575192875,38.924985863382972],[-77.002997964600013,38.924917219443635],[-77.003010798224466,38.924876033077759],[-77.003083521816492,38.924642643638407],[-77.003096355342223,38.924601457260998],[-77.003147666232252,38.924436711734749],[-77.003181900268942,38.924326881367847],[-77.003203266216502,38.924258237383171],[-77.003224666719206,38.924189593392711],[-77.003246032584443,38.924120949398421],[-77.00326743300478,38.924052305398369],[-77.003288810319816,38.923983661394203],[-77.003310210657801,38.923915017384566],[-77.0033315878905,38.923846373370786],[-77.002977669269626,38.923846382930783],[-77.002977657163953,38.923832654249821]]]}},{"type":"Feature","properties":{"id":"DPR_351L","name":"Newark Community Gardens","address":"east of 39th St. and south of Newark St., NW","type":"PARK","ward":"3","water":0,"playground":1,"picnic":0,"benches":0,"pool":0,"garden":"Y"},"geometry":{"type":"Polygon","coordinates":[[[-77.077042091226403,38.935581378985603],[-77.07701847639396,38.935502166511725],[-77.076987567534417,38.935401416430942],[-77.076961543128448,38.935299295587477],[-77.076940463484974,38.935196040635986],[-77.076924377453935,38.935091890859312],[-77.076913322313032,38.934987087613962],[-77.076907323681468,38.934881873770792],[-77.076906650602865,38.934257886868664],[-77.076018993047768,38.934151593035949],[-77.075967997362255,38.934190100671039],[-77.075551515488499,38.934136636084716],[-77.075310358276795,38.935459102879321],[-77.075783699484234,38.935535205365234],[-77.075838275383674,38.935543484630884],[-77.075900798688238,38.935552236150443],[-77.076090169220251,38.935574159699279],[-77.076280204488341,38.935589273840542],[-77.076470659718666,38.935597559106533],[-77.076661289596402,38.935599004825463],[-77.076851848581796,38.935593609135189],[-77.077042091226403,38.935581378985603]]]}},{"type":"Feature","properties":{"id":"DPR_017C","name":"Canal Park","address":"2nd St., between K and L Sts., SE","type":"PARK","ward":"6","water":0,"playground":0,"picnic":0,"benches":0,"pool":0,"garden":"N"},"geometry":{"type":"Polygon","coordinates":[[[-77.003360233120759,38.877612204759018],[-77.003011430234608,38.877612214280184],[-77.00301145934003,38.87830140155387],[-77.00336026559502,38.878301392032611],[-77.003360233120759,38.877612204759018]]]}},{"type":"Feature","properties":{"id":"DPR_0406","name":"Ridge","address":"Ridge Rd. and Burns St., SE","type":"REC CENTER GROUNDS","ward":"7","water":1,"playground":1,"picnic":3,"benches":5,"pool":1,"garden":"N"},"geometry":{"type":"Polygon","coordinates":[[[-76.942658695120144,38.877642813739008],[-76.943284282868262,38.877571979895642],[-76.943104984939851,38.877402806440628],[-76.942921191292342,38.877238528322344],[-76.942839362134194,38.877180126769993],[-76.942754187073788,38.877126723010534],[-76.942665970960505,38.877078508180908],[-76.942575029527902,38.877035654846438],[-76.942481688263726,38.876998316383137],[-76.942386281244936,38.876966626428789],[-76.941811849597073,38.876775687892497],[-76.941641725452811,38.876761937266394],[-76.941170018663755,38.876510068995358],[-76.941148083028679,38.876487816205724],[-76.939787789163631,38.87564087370486],[-76.939118312127803,38.875287388293415],[-76.939448313306443,38.876408114789669],[-76.940436533507494,38.877894387122574],[-76.942658695120144,38.877642813739008]]]}},{"type":"Feature","properties":{"id":"DPR_343D","name":"Boathouse Row","address":"Anacostia River (Both Banks) between John Phillip Sousa & 11th St. Bridges, SE","type":"PARK","ward":"6","water":0,"playground":0,"picnic":0,"benches":0,"pool":0,"garden":"N"},"geometry":{"type":"MultiPolygon","coordinates":[[[[-76.98988965243035,38.873927713976173],[-76.989795126053806,38.87397433324179],[-76.989700599553728,38.87402095243052],[-76.989633075609476,38.874054259525032],[-76.989700590546676,38.874083371642307],[-76.989795104638631,38.874124115928254],[-76.989889618838532,38.874164860137427],[-76.990078670615134,38.874246312293806],[-76.990078727864599,38.873834448190991],[-76.98988965243035,38.873927713976173]]],[[[-76.981976163800525,38.876863219801102],[-76.98179156205228,38.876920097212363],[-76.981692490553229,38.876948097840064],[-76.981259297720086,38.877077786084499],[-76.980765848025186,38.877226515570705],[-76.980153415842736,38.877379114438604],[-76.980092757213797,38.877396931731887],[-76.979876519152924,38.877448602870345],[-76.979622699880892,38.877497843798835],[-76.979598185783061,38.877502595952528],[-76.979383154588717,38.877563040565207],[-76.979856251923778,38.877800269136863],[-76.98024664378724,38.877690766696034],[-76.981068432935558,38.877454243216874],[-76.981282575296476,38.877392606249622],[-76.981279797891105,38.877392569770919],[-76.981282229751571,38.877391876514153],[-76.981867235072031,38.877224331551318],[-76.982145740283656,38.877147232039889],[-76.982425688399601,38.877075548429879],[-76.98270697411111,38.87700930768667],[-76.98298949160629,38.8769485347282],[-76.98327313460986,38.876893252415584],[-76.98355779642317,38.876843481544505],[-76.983557751138363,38.876889973875237],[-76.984570093262036,38.876362373053389],[-76.985010878295199,38.876139661778367],[-76.985390702222972,38.875947758953501],[-76.985588790742142,38.875847673229771],[-76.986621488295242,38.875325876470512],[-76.987529007697262,38.874867323229971],[-76.989279610586038,38.873982727936912],[-76.989323866061312,38.873960364129665],[-76.99005694705771,38.873589913271758],[-76.990057992278267,38.873201065675495],[-76.99064499483859,38.873202015004452],[-76.990855754823855,38.873202031694142],[-76.990961129054639,38.873202039895915],[-76.99106650328541,38.873202048002589],[-76.991126219959028,38.873202052554532],[-76.991142399466881,38.873202053782578],[-76.991131982314556,38.873105897302189],[-76.991122161019035,38.873037162442827],[-76.991107789504611,38.872954986698367],[-76.991090790453498,38.872873936800971],[-76.99106669477689,38.872776932475333],[-76.991035647744184,38.872671182194608],[-76.991000137752891,38.8725668458125],[-76.9909602288743,38.87246411158489],[-76.990915993116644,38.87236316487688],[-76.990820761650738,38.872178935569565],[-76.990820730703277,38.872419586071004],[-76.98929086441305,38.873325557041603],[-76.989279754383062,38.873332240257028],[-76.98886104073469,38.873584085010698],[-76.987254630938708,38.874536964580976],[-76.987225229889901,38.874554374607264],[-76.987055289050602,38.874654790553649],[-76.987009141588686,38.874682053858038],[-76.986952229409027,38.874715684881075],[-76.986362158554044,38.8750267495952],[-76.985392722218705,38.875537777971175],[-76.985357615574259,38.875556294843832],[-76.985340339202821,38.875563724605918],[-76.985318694750291,38.875573036571865],[-76.984999617055678,38.875710338078719],[-76.983748892106021,38.876248539666378],[-76.98309928093235,38.87651782559373],[-76.983051322699751,38.876539709050462],[-76.982985224990955,38.876561706955528],[-76.982868486274285,38.876594948894727],[-76.982724559723891,38.876634879938244],[-76.981976163800525,38.876863219801102]]]]}},{"type":"Feature","properties":{"id":"DPR_0128","name":"Triangle Park RES 0128","address":"Virginia Ave., Between 12th & M Sts., SE","type":"TRIANGLE","ward":"6","water":0,"playground":0,"picnic":0,"benches":0,"pool":0,"garden":"N"},"geometry":{"type":"Polygon","coordinates":[[[-76.990137226035031,38.87681862955349],[-76.990137252787733,38.87662503009237],[-76.990137256665392,38.876596968935033],[-76.990036971212589,38.876596960424422],[-76.989345149104054,38.876596881350849],[-76.990137226035031,38.87681862955349]]]}},{"type":"Feature","properties":{"id":"DPR_0299","name":"Triangle Park RES 0299","address":"Water St., Between 14th & M Sts., SE","type":"TRIANGLE","ward":"6","water":0,"playground":0,"picnic":0,"benches":0,"pool":0,"garden":"N"},"geometry":{"type":"Polygon","coordinates":[[[-76.985412042411951,38.876130758223383],[-76.984862514372352,38.876409263994269],[-76.985411985468446,38.87640934292201],[-76.985412042411951,38.876130758223383]]]}},{"type":"Feature","properties":{"id":"DPR_0130","name":"Triangle Park RES 0130","address":"Water St., south of M St., SE","type":"TRIANGLE","ward":"6","water":0,"playground":0,"picnic":0,"benches":0,"pool":0,"garden":"N"},"geometry":{"type":"Polygon","coordinates":[[[-76.986267762522289,38.875694062739683],[-76.986407337019969,38.875733148491371],[-76.986417454794804,38.87573597830562],[-76.986467709492459,38.875750046249202],[-76.986583234295651,38.875782390719316],[-76.986595858560619,38.875754835477188],[-76.986613082883395,38.875717245404672],[-76.986633350837607,38.875673016487795],[-76.986636532835234,38.875666071376394],[-76.986636553399975,38.87555624097908],[-76.986607876035578,38.875521681475846],[-76.986407357939214,38.87562330908699],[-76.986267762522289,38.875694062739683]]]}},{"type":"Feature","properties":{"id":"DPR_0011","name":"Florida Avenue Playground","address":"First Street and Florida Avenue, NW","type":"PARK","ward":"5","water":0,"playground":1,"picnic":0,"benches":0,"pool":0,"garden":"N"},"geometry":{"type":"Polygon","coordinates":[[[-77.012322890988258,38.912069306069711],[-77.013305591464118,38.912489302232927],[-77.013541061489576,38.912489275177528],[-77.013540963469595,38.911973070255939],[-77.012322874381425,38.911973205091989],[-77.012322890988258,38.912069306069711]]]}},{"type":"Feature","properties":{"id":"DPR_0615","name":"Trinidad","address":"Trinidad Ave., at Childress St., NE","type":"REC CENTER GROUNDS","ward":"5","water":0,"playground":0,"picnic":0,"benches":0,"pool":0,"garden":"N"},"geometry":{"type":"Polygon","coordinates":[[[-76.9811001563248,38.90701579132881],[-76.982048088415283,38.907419523840673],[-76.982515291416675,38.907618508021812],[-76.982553617137299,38.907563571835077],[-76.982604075976482,38.907491251330015],[-76.982763894309073,38.907262165686618],[-76.982797352577691,38.907214192151898],[-76.983046171884098,38.90685711053758],[-76.983385165778444,38.906371627198126],[-76.981948871346461,38.90575990928447],[-76.981918011207966,38.905746761328601],[-76.981634177603965,38.906187180373053],[-76.9811001563248,38.90701579132881]]]}},{"type":"Feature","properties":{"id":"DPR_0445","name":"Takoma Community Center","address":"300 VAN BUREN STREET NW","type":"REC CENTER GROUNDS","ward":"4","water":0,"playground":0,"picnic":0,"benches":5,"pool":1,"garden":"N"},"geometry":{"type":"MultiPolygon","coordinates":[[[[-77.016262498030031,38.968639398025473],[-77.016262773758129,38.969847511356058],[-77.018022950466843,38.969847253290915],[-77.019783150241125,38.969846968727751],[-77.01978281483423,38.968638855406255],[-77.018106143261917,38.968639127064471],[-77.018106035562184,38.968215271201451],[-77.018022549235695,38.968215284099777],[-77.017242889643981,38.968215401676879],[-77.017242656355933,38.967966621030435],[-77.017242407537438,38.966223021000602],[-77.017177201173439,38.966223030598549],[-77.016261946599826,38.966223161480734],[-77.016262498030031,38.968639398025473]]],[[[-77.016262013398119,38.970004660224319],[-77.016262288475659,38.97120993562924],[-77.01793810890382,38.97120969054798],[-77.017937805483328,38.970004415147152],[-77.016262013398119,38.970004660224319]]]]}},{"type":"Feature","properties":{"id":"DPR_0610","name":"Marvin Gaye Park","address":"42nd St. & Hunt Pl., to 63rd St. & Southern Ave., NE","type":"LARGE PARK","ward":"7","water":0,"playground":1,"picnic":0,"benches":0,"pool":0,"garden":"Y"},"geometry":{"type":"MultiPolygon","coordinates":[[[[-76.913834311995757,38.891011724193426],[-76.913833955381619,38.89130700055965],[-76.913921789486068,38.891307065317072],[-76.914009623590786,38.891307130008443],[-76.914097457695561,38.891307194633761],[-76.914185291800607,38.891307259193034],[-76.914273125905709,38.891307323686256],[-76.914360960010967,38.891307388113461],[-76.914361477580798,38.890885805386809],[-76.91431103666558,38.890885768395982],[-76.913834476065588,38.890885417835335],[-76.913834311995757,38.891011724193426]]],[[[-76.912892491147019,38.890317065164226],[-76.911189543949547,38.891642852188028],[-76.911156296354704,38.891669138485405],[-76.911127115517615,38.891699876909904],[-76.911102592080965,38.891734445292094],[-76.911083222417986,38.891772143941267],[-76.911069398585624,38.891812209807689],[-76.911061400388903,38.891853831927321],[-76.911059389717494,38.89189616783635],[-76.913507998836778,38.89189800652386],[-76.913509055395281,38.891026473758679],[-76.913509375523688,38.890762402376239],[-76.913509454807354,38.890697001602135],[-76.913222497963133,38.89069677076143],[-76.913017909446793,38.890461364766573],[-76.91294776445686,38.890380660489065],[-76.91294789469471,38.890273920293062],[-76.912892491147019,38.890317065164226]]],[[[-76.914396044235531,38.891348600134478],[-76.914395961872714,38.891417243914887],[-76.914395879509726,38.8914858876945],[-76.914395797146611,38.891554531473261],[-76.914395714783311,38.891623175251134],[-76.914395632419868,38.891691819028281],[-76.91439555005627,38.891760462804541],[-76.914395467692501,38.891829106579998],[-76.914395385328575,38.891897750354552],[-76.914395302964493,38.891966394128332],[-76.914395220600255,38.892035037901294],[-76.914395138235861,38.892103681673355],[-76.914887014718616,38.892104041101057],[-76.914887096609746,38.89203539732862],[-76.914887178500734,38.891966753555344],[-76.914887260391538,38.891898109781238],[-76.914887342282199,38.891829466006314],[-76.914887424172704,38.89176082223053],[-76.914887506063039,38.891692178453908],[-76.914887587953231,38.891623534676469],[-76.914887669843239,38.891554890898213],[-76.914887751733104,38.891486247119126],[-76.914887833622842,38.891417603339171],[-76.914887915512381,38.891348959558449],[-76.914396044235531,38.891348600134478]]],[[[-76.915200672524591,38.891348718585768],[-76.915200590935953,38.891417362366781],[-76.915200509347173,38.891486006146891],[-76.915200427758236,38.891554649926242],[-76.915200346169115,38.891623293704725],[-76.915200264579866,38.891691937482349],[-76.915200182990446,38.891760581259206],[-76.915200101400885,38.89182922503521],[-76.915200019811138,38.891897868810382],[-76.915199938221249,38.891966512584702],[-76.915199856631219,38.892035156358197],[-76.915199775040989,38.892103800130876],[-76.915199693450646,38.892172443902687],[-76.915199611860132,38.892241087673689],[-76.915691489294247,38.89224144371385],[-76.915691570411511,38.892172799942486],[-76.915691651528604,38.892104156170355],[-76.915691732645541,38.892035512397328],[-76.915691813762322,38.89196686862347],[-76.915691894878933,38.891898224848852],[-76.915691975995415,38.891829581073324],[-76.915692057111713,38.891760937296972],[-76.915692138227854,38.891692293519803],[-76.915692219343867,38.891623649741845],[-76.915692300459696,38.891555005962999],[-76.915692381575397,38.891486362183343],[-76.915692462690927,38.891417718402863],[-76.915692543806273,38.891349074621537],[-76.915200672524591,38.891348718585768]]],[[[-76.913833905639464,38.89134818682809],[-76.913833853307906,38.891391517088259],[-76.913833246017688,38.891894346266419],[-76.913833242405559,38.891897337045016],[-76.913833159500612,38.891965980818377],[-76.913833076595466,38.892034624590963],[-76.913832993690207,38.892103268362646],[-76.913832910784762,38.89217191213352],[-76.91383282787919,38.892240555903577],[-76.913832744973419,38.892309199672809],[-76.913832662067506,38.89237784344116],[-76.914324540437676,38.89237820523735],[-76.914324622870325,38.89230956146865],[-76.914324705302803,38.892240917699077],[-76.914324787735126,38.892172273928672],[-76.914324870167292,38.892103630157457],[-76.914324952599301,38.892034986385418],[-76.91432503503114,38.891966342612541],[-76.914325117462838,38.891897698838811],[-76.91432569448024,38.89141719239948],[-76.914325776910644,38.891348548619142],[-76.913833905639464,38.89134818682809]]],[[[-76.916570243226531,38.891898855480143],[-76.916570162955011,38.891967499255379],[-76.916570082683364,38.892036143029848],[-76.916570002411532,38.892104786803458],[-76.916569922139587,38.892173430576207],[-76.916569841867457,38.892242074348154],[-76.916569761595198,38.892310718119269],[-76.916569681322756,38.892379361889525],[-76.91656960105017,38.89244800565897],[-76.917061479917678,38.892448355930242],[-76.917219583840492,38.892448468077561],[-76.917061623556336,38.892324797144056],[-76.917061639516177,38.892311068389873],[-76.917061719315157,38.892242424618431],[-76.917061799114009,38.892173780846143],[-76.917061878912705,38.892105137073067],[-76.917061958711258,38.892036493299138],[-76.917062038509656,38.891967849524342],[-76.917062118307896,38.891899205748764],[-76.916570243226531,38.891898855480143]]],[[[-76.915762405892266,38.891692344213219],[-76.91576232484374,38.891760987990438],[-76.915762243795044,38.891829631766825],[-76.915762162746177,38.89189827554241],[-76.915762081697167,38.891966919317092],[-76.915762000648002,38.892035563090992],[-76.91576191959868,38.892104206864062],[-76.915761838549216,38.892172850636243],[-76.915761757499567,38.892241494407642],[-76.915761676449776,38.892310138178225],[-76.915761595399829,38.89237878194794],[-76.915761514349725,38.892447425716796],[-76.91625339320936,38.892447779390821],[-76.916253473786185,38.892379135621624],[-76.916253554362854,38.892310491851561],[-76.916253634939395,38.892241848080651],[-76.916253715515751,38.892173204308932],[-76.916253796091951,38.892104560536396],[-76.916253876668009,38.892035916763007],[-76.91625395724391,38.891967272988779],[-76.916254037819684,38.891898629213756],[-76.916254118395258,38.891829985437852],[-76.916254198970691,38.891761341661116],[-76.916254279545953,38.891692697883549],[-76.915762405892266,38.891692344213219]]],[[[-76.917548050497317,38.893032289980624],[-76.917622914273707,38.893066196271555],[-76.917622953362752,38.893032342825435],[-76.917623238697061,38.892785225274523],[-76.917623579645635,38.892489939965728],[-76.917535744081562,38.892489877991892],[-76.917447908517644,38.892489815951969],[-76.917360072953784,38.892489753846007],[-76.917272237390179,38.892489691674001],[-76.917184401826745,38.892489629435929],[-76.917096566263339,38.892489567131832],[-76.917008730700189,38.892489504761677],[-76.916920895137167,38.892489442325498],[-76.916833059574245,38.89248937982326],[-76.916745224011564,38.892489317254942],[-76.916657388448925,38.892489254620621],[-76.916569552886557,38.892489191920241],[-76.916569207575336,38.892784477225959],[-76.91665704350126,38.892784539926588],[-76.916744879427441,38.892784602561186],[-76.916832715353678,38.892784665129717],[-76.916920551280171,38.892784727632211],[-76.917001574735266,38.892784785228528],[-76.917548050497317,38.893032289980624]]],[[[-76.917183772204822,38.893032032293313],[-76.91709593597362,38.893031969988726],[-76.917095600951342,38.893320273783011],[-76.917183437537503,38.893320336087825],[-76.917271274123721,38.893320398326601],[-76.917359110710109,38.893320460499332],[-76.917446947296725,38.893320522606011],[-76.917534783883411,38.893320584646631],[-76.91762262047024,38.893320646621206],[-76.917622740317682,38.893216852211758],[-76.917534949736947,38.893177099369922],[-76.917447159264455,38.89313733745346],[-76.917359368889748,38.893097575470762],[-76.917271578612997,38.89305781342177],[-76.91721468779167,38.893032054206856],[-76.917183772204822,38.893032032293313]]],[[[-76.918380569671427,38.89304296401275],[-76.918292733425815,38.89304290260808],[-76.918204897180289,38.893042841137408],[-76.918117060934975,38.893042779600655],[-76.918046791938806,38.893042730323721],[-76.918029198400092,38.89306559925209],[-76.917941230537593,38.893179943852864],[-76.917941056839027,38.893330960125184],[-76.917941009466574,38.893372146380571],[-76.917940939982714,38.893432556491277],[-76.917940861028356,38.893501200248842],[-76.917940782073842,38.893569844005604],[-76.917940703119186,38.893638487761521],[-76.917940624164373,38.893707131516621],[-76.917940545209404,38.893775775270825],[-76.917940466254279,38.893844419024241],[-76.917940387299012,38.893913062776832],[-76.918202389185467,38.89391324653004],[-76.918221966272426,38.893899810734808],[-76.918234836254626,38.893844625437843],[-76.918250833968671,38.893775992825596],[-76.918266831652019,38.89370736021035],[-76.918282829304502,38.893638727592048],[-76.918285736953976,38.893626216994335],[-76.918358572152684,38.893570136741218],[-76.918374869391798,38.893501504318124],[-76.918391166599548,38.893432871891925],[-76.918405506276287,38.893372471749643],[-76.918415282263894,38.893331292289169],[-76.918483725388455,38.893043036042606],[-76.918380569671427,38.89304296401275]]],[[[-76.918273042471128,38.893920709873157],[-76.918495934054931,38.893970015285575],[-76.918563547214006,38.893984971298501],[-76.918631160401432,38.893999927272191],[-76.918638720357876,38.894001599086984],[-76.918638808667282,38.894136427473029],[-76.918638849785609,38.894191342544914],[-76.918656424841998,38.89420497544458],[-76.918990198972836,38.894203018350666],[-76.918990150118603,38.894134374512973],[-76.918990120257092,38.894079459448648],[-76.918901613434713,38.894059750775362],[-76.91899730131189,38.893795556526825],[-76.91892968824142,38.893780600764515],[-76.918862075199286,38.893765644962983],[-76.918794462185389,38.893750689122278],[-76.918726849199928,38.893735733242423],[-76.918659236242846,38.893720777323367],[-76.9185916233141,38.893705821365145],[-76.918343309975825,38.89365089515632],[-76.918273042471128,38.893920709873157]]],[[[-76.918586184731296,38.894249319775902],[-76.918586061673182,38.894054117249851],[-76.91856915940059,38.894036845425319],[-76.918550904890822,38.894032787939373],[-76.918463066661872,38.894013223533655],[-76.918375216953933,38.893993659053827],[-76.918287367294127,38.893974094507854],[-76.918261011258011,38.893968220626135],[-76.918211445312366,38.893957186709244],[-76.917940336765497,38.893956996579703],[-76.917940229388009,38.894050350279443],[-76.918241816283569,38.894050561744223],[-76.918242882043273,38.894045977228032],[-76.918287427645694,38.894072366896516],[-76.918375297907019,38.894124406642362],[-76.918463168286237,38.894176455330005],[-76.918551038803955,38.894228494942681],[-76.918586184731296,38.894249319775902]]],[[[-76.918586184731296,38.894249319775902],[-76.918638892445969,38.894265121150653],[-76.918726746370567,38.894291459730418],[-76.918814600349691,38.894317807252392],[-76.918902454403991,38.894344145699748],[-76.918990308512974,38.894370493089326],[-76.918990229776426,38.894246952207702],[-76.91890239139245,38.894247467796902],[-76.918814553007294,38.894247983320064],[-76.918726714631148,38.89424848976882],[-76.918638887770655,38.894249005167921],[-76.918586184731296,38.894249319775902]]],[[[-76.919243022168956,38.894125316017352],[-76.919310635631831,38.894140271597422],[-76.919311294690246,38.894495219963062],[-76.919399132897965,38.894495127459585],[-76.919486971115518,38.894495025881682],[-76.919522106400493,38.89449498703371],[-76.919574809332858,38.89449492423774],[-76.919662647549998,38.894494822527747],[-76.919750485756694,38.894494729760048],[-76.919838323973281,38.894494627917965],[-76.919943729826826,38.894494511025265],[-76.920119406258735,38.894494306984406],[-76.920365353247618,38.894494033495036],[-76.920365130433751,38.894373510325337],[-76.92025723861623,38.894349645612856],[-76.92018962475646,38.894334690581204],[-76.920122010925056,38.894319735510457],[-76.920119083723975,38.894319084906009],[-76.920054397121987,38.89430478040051],[-76.919986783347284,38.894289825251349],[-76.919921563156549,38.894268268566464],[-76.919856343015425,38.894246702836732],[-76.919791111376327,38.894225146070944],[-76.919725891303855,38.894203589276579],[-76.919660671281022,38.894182023437352],[-76.919595451287393,38.894160466569993],[-76.919530231343387,38.894138900657765],[-76.919464999901322,38.894117343709475],[-76.919541548652546,38.893905987950845],[-76.919473935363314,38.893891032503817],[-76.919406322102319,38.893876077017616],[-76.919338708869773,38.893861121492215],[-76.919243022168956,38.894125316017352]]],[[[-76.921217266830638,38.894724333640021],[-76.921129428512387,38.894724274368436],[-76.921041590194363,38.894724215030791],[-76.920953751876496,38.894724155627088],[-76.920865913558657,38.894724096157361],[-76.920778075241088,38.89472403662154],[-76.920690236923576,38.894723977019709],[-76.920689913364484,38.895015028288896],[-76.920777752040365,38.895015087890968],[-76.920865590716318,38.89501514742701],[-76.920953429392483,38.895015206896979],[-76.92104126806872,38.895015266300931],[-76.921129106745099,38.895015325638802],[-76.921216945421719,38.895015384910621],[-76.921304784098396,38.895015444116424],[-76.921305105148946,38.894724392845553],[-76.921217266830638,38.894724333640021]]],[[[-76.920005733379242,38.894722330196828],[-76.920005400876008,38.895018867558377],[-76.920093239555968,38.895018927675167],[-76.920093571694082,38.894722390313376],[-76.920005733379242,38.894722330196828]]],[[[-76.91983005674993,38.894722209765568],[-76.919742206908182,38.894722149442934],[-76.919654368593953,38.894722089062199],[-76.919654034630199,38.895018626422768],[-76.91974187330959,38.895018686803773],[-76.919829723516486,38.895018747126628],[-76.919917562196218,38.895018807375521],[-76.919917895064557,38.894722270014228],[-76.91983005674993,38.894722209765568]]],[[[-76.919390853652033,38.894721907523625],[-76.919303015338386,38.894721846878674],[-76.919302679914182,38.89501838423827],[-76.919390518592948,38.895018444883476],[-76.919478357271856,38.895018505462616],[-76.919478691965836,38.894721968102544],[-76.919390853652033,38.894721907523625]]],[[[-76.921347272152744,38.894724421243886],[-76.921347217658493,38.894773850144723],[-76.921347141980206,38.894842493888241],[-76.921347066301777,38.894911137630906],[-76.921346990623164,38.894979781372733],[-76.921346914944422,38.89504842511375],[-76.921346890731172,38.89507038750731],[-76.921252020276313,38.895070323593316],[-76.921251968748606,38.895117004939834],[-76.921251892978304,38.89518564867911],[-76.921251817207846,38.89525429241754],[-76.921743715446723,38.895254622972367],[-76.921743790743875,38.895185979233595],[-76.921743866040856,38.895117335494014],[-76.921743941337724,38.89504869175363],[-76.921744016634435,38.894980048012357],[-76.921744091930975,38.89491140427026],[-76.921744167227416,38.894842760527368],[-76.921744242523701,38.894774116783594],[-76.921744290962252,38.894729957776327],[-76.921719109508288,38.894724671007097],[-76.921347272152744,38.894724421243886]]],[[[-76.923413536544004,38.895187085850949],[-76.923413462853503,38.895255729590787],[-76.92341338916286,38.895324373329728],[-76.923413315472089,38.895393017067818],[-76.923905226204809,38.895393338528336],[-76.923905299422259,38.89532469478992],[-76.923905372639581,38.895256051050644],[-76.92390544571262,38.895187542436027],[-76.923788710649461,38.895163026626832],[-76.923618143240176,38.895127188025846],[-76.923413646963439,38.895084228340089],[-76.923413536544004,38.895187085850949]]],[[[-76.922833554073819,38.895392635538123],[-76.923097083029234,38.89539280931811],[-76.923097157024301,38.895324165580206],[-76.923097231019241,38.895255521841428],[-76.923097305013997,38.895186878101825],[-76.923097379008652,38.895118234361384],[-76.923097487281382,38.895017791091398],[-76.923097552244897,38.894957525128561],[-76.92264488628048,38.894901698655701],[-76.92264675930096,38.894896547107329],[-76.922605720239289,38.894887403453239],[-76.92260569087253,38.894914473590859],[-76.922605470176549,38.895117909499035],[-76.922605395708587,38.895186553239164],[-76.922605321240482,38.895255196978468],[-76.92260524677225,38.895323840716927],[-76.922605196139614,38.895370513053571],[-76.92283357783927,38.895370664137118],[-76.922833554073819,38.895392635538123]]],[[[-76.922043526859596,38.894911604475837],[-76.922043451851152,38.894980248218125],[-76.922043376842566,38.895048891959561],[-76.92204330183381,38.895117535700166],[-76.92204322682494,38.895186179439939],[-76.922043151815913,38.895254823178881],[-76.922043076806759,38.895323466916985],[-76.922043001797434,38.895392110654214],[-76.922306519221578,38.895392286209969],[-76.922306543149318,38.895370314809071],[-76.92253492484771,38.895370466476486],[-76.922534975526304,38.895323794139884],[-76.922535050062166,38.895255150401482],[-76.922535124597886,38.895186506662235],[-76.922535199133449,38.895117862922142],[-76.922535273668871,38.89504921918126],[-76.922535348204164,38.894980575439469],[-76.922535422739315,38.894911931696896],[-76.922535466452828,38.894871673312558],[-76.922043690263337,38.894762065611829],[-76.922043526859596,38.894911604475837]]],[[[-76.924798569014357,38.895721740635821],[-76.924886408563751,38.895721797148418],[-76.924974248113188,38.895721853594956],[-76.925062087662781,38.895721909975457],[-76.925167495122508,38.895721977544881],[-76.925062132988401,38.895678759911071],[-76.924974331301243,38.895642751148969],[-76.924886529712182,38.895606733312292],[-76.924798728202234,38.895570724417738],[-76.924798569014357,38.895721740635821]]],[[[-76.924379522665802,38.895426590128395],[-76.924291683480391,38.895426533234655],[-76.924203844295121,38.895426476274849],[-76.924116005109909,38.895426419248984],[-76.924028165924909,38.895426362157089],[-76.923940326739981,38.895426304999141],[-76.923852487555251,38.895426247775148],[-76.923764648370678,38.895426190485104],[-76.923676809186176,38.895426133128993],[-76.923588958474397,38.895426075699277],[-76.923501119290265,38.895426018211083],[-76.92341328010626,38.895425960656816],[-76.923412955864833,38.895727993092819],[-76.923500795420736,38.895728050647328],[-76.923588634976781,38.895728108135771],[-76.923676486060458,38.895728165565714],[-76.923764325616872,38.89572822292206],[-76.923852165173329,38.895728280212339],[-76.923939993202495,38.89572833742907],[-76.924027844286769,38.895728394594769],[-76.924115683843638,38.895728451686907],[-76.924203523400749,38.895728508713027],[-76.924291362957931,38.89572856567306],[-76.924379202515212,38.895728622567042],[-76.924467042072749,38.895728679394971],[-76.924467361851427,38.895426646956082],[-76.924379522665802,38.895426590128395]]],[[[-76.923009208334037,38.895425695048907],[-76.922921369150828,38.895425637124738],[-76.922833518440285,38.895425579126908],[-76.922745679257289,38.895425521070685],[-76.922657840074507,38.89542546294836],[-76.922570000891781,38.895425404760005],[-76.922482161709297,38.89542534650559],[-76.922481833525723,38.895727378939029],[-76.922569673080119,38.895727437193671],[-76.922657512634729,38.895727495382296],[-76.922745352189395,38.895727553504848],[-76.922833191744303,38.895727611561334],[-76.922921042826772,38.895727669559406],[-76.923008882381879,38.895727727483781],[-76.923096721937114,38.895727785342132],[-76.923097047517388,38.895425752906995],[-76.923009208334037,38.895425695048907]]],[[[-76.924394314924427,38.895913682287336],[-76.924306475139232,38.895913625404738],[-76.924218635354109,38.895913568456059],[-76.924306455717385,38.895931930399854],[-76.924394276125753,38.895950292277604],[-76.924482096579354,38.895968654089287],[-76.92448215470975,38.895913739103932],[-76.924394314924427,38.895913682287336]]],[[[-76.925131813597361,38.896252935022225],[-76.925231339958714,38.896299680134007],[-76.92528984833271,38.896327166067408],[-76.925289877087167,38.896299708576343],[-76.925289925964023,38.896253036246293],[-76.925289983472794,38.896198121263332],[-76.925325119527287,38.896198143728476],[-76.925412959663603,38.896198199845109],[-76.925500799800147,38.896198255895733],[-76.925588639936748,38.896198311880298],[-76.925676480073562,38.896198367798803],[-76.925764320210419,38.896198423651249],[-76.925852160347446,38.896198479437643],[-76.925852455379228,38.895914616890266],[-76.925764615591731,38.895914561104085],[-76.925676775804376,38.895914505251831],[-76.925588936017107,38.895914449333567],[-76.925501096230036,38.895914393349216],[-76.925413256443022,38.895914337298812],[-76.925325416656221,38.895914281182364],[-76.925237576869577,38.895914224999892],[-76.925149737082975,38.895914168751354],[-76.925061897296587,38.895914112436792],[-76.924974057510354,38.895914056056114],[-76.924886217724165,38.895913999609448],[-76.924798377938217,38.895913943096694],[-76.92479820456191,38.896078417800652],[-76.924640092582962,38.896078315911041],[-76.924639949073466,38.896214171039801],[-76.925131853946269,38.896214487327534],[-76.925131813597361,38.896252935022225]]],[[[-76.9261611939516,38.895995959837649],[-76.92616098080876,38.896201891030046],[-76.926160605335014,38.896564657814672],[-76.926287542083742,38.896201970957144],[-76.926359606045423,38.895996085079602],[-76.9261611939516,38.895995959837649]]],[[[-76.925588104381518,38.896711761546371],[-76.925851626688868,38.896711929104931],[-76.925851698034791,38.896643285381423],[-76.925851769380571,38.896574641657061],[-76.925851840726224,38.896505997931833],[-76.925851912071735,38.896437354205823],[-76.925851983417118,38.896368710478932],[-76.925852054762359,38.896300066751202],[-76.925852126107458,38.896231423022641],[-76.925588605575058,38.89623125546521],[-76.92558858265788,38.896253226863408],[-76.925360198127137,38.896253081166094],[-76.925360149296267,38.896299753496159],[-76.925360077477691,38.896368397223611],[-76.925360005659002,38.896437040950197],[-76.925359933840156,38.896505684675894],[-76.925359862021182,38.896574328400831],[-76.925359790202066,38.89664297212488],[-76.925359741361206,38.896689653460136],[-76.925588127289615,38.896689799158352],[-76.925588104381518,38.896711761546371]]],[[[-76.926358533502068,38.896834105945622],[-76.926266203284982,38.897106595883692],[-76.926347596999221,38.897132411159987],[-76.926428990763156,38.897158235387863],[-76.926510373058292,38.897184059551606],[-76.926591766949358,38.897209874657484],[-76.92667316089009,38.897235698714816],[-76.926754543361952,38.897261522708149],[-76.926835937429786,38.897287337643512],[-76.927012842660147,38.897343462331364],[-76.926997519674913,38.897413573888862],[-76.926973988795964,38.897506282306331],[-76.926953013617592,38.897591064952614],[-76.92694428553834,38.897626327251736],[-76.926983762702037,38.89786832567291],[-76.92698702719116,38.897888794722071],[-76.926990704038857,38.897911849430031],[-76.927273713995305,38.898080527448151],[-76.927494198707947,38.898214357659675],[-76.927494179847059,38.898232914881923],[-76.928146359602991,38.898233317830261],[-76.928426476193977,38.898233489782172],[-76.929457255459624,38.898234116751205],[-76.929741902524071,38.898234288284485],[-76.929743155888204,38.898202399423241],[-76.929464271777846,38.898135730683059],[-76.929186193819632,38.898065775575432],[-76.928812456418854,38.897966200679519],[-76.928440372466824,38.897860614992645],[-76.928445624421329,38.897727429509189],[-76.928447221390911,38.897686838786733],[-76.928412097043093,38.897685907423195],[-76.928376984223888,38.897684976056212],[-76.927469649823564,38.897211098625085],[-76.927479759292936,38.8968825967494],[-76.927084180979492,38.896752593977581],[-76.926972676715536,38.896715950351727],[-76.926403634315207,38.896528039011962],[-76.92629845204138,38.896844445696686],[-76.9263494529919,38.8968309022504],[-76.926358533502068,38.896834105945622]]],[[[-76.93894263481495,38.898524357824563],[-76.938854791804616,38.898524311881452],[-76.938766937266422,38.898524265866271],[-76.938679094256244,38.898524219791035],[-76.938678917242271,38.898730150911504],[-76.938696474097469,38.898743888872957],[-76.938766748721989,38.898743925727963],[-76.938854603530686,38.898743971743286],[-76.93894244681151,38.898744017686532],[-76.939030290092447,38.898744063563726],[-76.939030477825384,38.898524403701607],[-76.93894263481495,38.898524357824563]]],[[[-76.93859125124628,38.89852417364979],[-76.938503408236301,38.898524127442471],[-76.938415565226549,38.898524081169079],[-76.938327722216911,38.89852403482967],[-76.938239879207288,38.898523988424174],[-76.938152036197891,38.898523941952661],[-76.938064193188566,38.898523895415082],[-76.937976350179312,38.898523848811408],[-76.937888507170243,38.898523802141746],[-76.937800664161273,38.898523755406003],[-76.937712821152331,38.898523708604188],[-76.937624978143617,38.898523661736363],[-76.937537135134917,38.89852361480245],[-76.937449292126445,38.898523567802492],[-76.937361449118058,38.898523520736475],[-76.937273606109713,38.898523473604449],[-76.937185763101567,38.8985234264063],[-76.937097920093535,38.898523379142148],[-76.937010077085532,38.89852333181193],[-76.936922234077727,38.89852328441566],[-76.936834391070064,38.898523236953331],[-76.936746548062402,38.898523189424928],[-76.936746353296712,38.898742849283352],[-76.93683419657485,38.898742896811903],[-76.936922039853016,38.898742944274353],[-76.937009883131296,38.898742991670787],[-76.937097726409789,38.898743039001133],[-76.93718556968831,38.898743086265462],[-76.937273412966945,38.898743133463718],[-76.937361256245779,38.898743180595901],[-76.937449099524656,38.898743227662059],[-76.937536942803632,38.898743274662166],[-76.937624786082807,38.898743321596214],[-76.937712629362039,38.89874336846421],[-76.937800472641456,38.898743415266139],[-76.937888315920887,38.89874346200201],[-76.937976159200446,38.898743508671849],[-76.938064002480218,38.89874355527563],[-76.938151845760004,38.898743601813365],[-76.938239689039904,38.898743648285041],[-76.938327532320017,38.898743694690651],[-76.938415375600158,38.898743741030238],[-76.938503218880385,38.898743787303722],[-76.938591062160853,38.89874383351119],[-76.938605126308104,38.898743840903109],[-76.938622706775931,38.89873012139347],[-76.938622883952149,38.898524190273079],[-76.93859125124628,38.89852417364979]]],[[[-76.931858955206152,38.898236857516828],[-76.931842752053456,38.898300612531436],[-76.931830873353789,38.89836531292201],[-76.931823372896304,38.898430665712176],[-76.931820284644559,38.898496374971394],[-76.931904343934406,38.898511134659032],[-76.932712585123625,38.898652980256401],[-76.932800413803065,38.898668408088625],[-76.93288824252059,38.898683835854754],[-76.932976071292941,38.898699245538126],[-76.93306390009478,38.898714664163776],[-76.933151728943116,38.898730073714965],[-76.93323955782931,38.89874548320013],[-76.933327386745034,38.898760901627561],[-76.933415215707186,38.898776310980516],[-76.933503044690454,38.898791738284153],[-76.933516046155248,38.898794015791736],[-76.93364357116954,38.898816393005774],[-76.933782898732886,38.898841154979031],[-76.933783276370278,38.898434310410948],[-76.934932900109132,38.898434956364461],[-76.934932828732912,38.898513211991833],[-76.93502067172696,38.898513260884037],[-76.935020471646936,38.898732920739882],[-76.935108314911687,38.898732969566176],[-76.935196158176467,38.898733018326389],[-76.93528400144136,38.898733067020601],[-76.935371844706452,38.898733115648717],[-76.935459687971615,38.898733164210803],[-76.935547531236878,38.898733212706809],[-76.935635374502326,38.898733261136783],[-76.935725638645224,38.898733310832618],[-76.935815418612847,38.898733360192715],[-76.935903261878593,38.898733408421258],[-76.935991105144453,38.898733456583741],[-76.936078948410511,38.898733504680145],[-76.936166791676598,38.898733552710524],[-76.936254634942827,38.898733600674838],[-76.936342478209241,38.898733648573128],[-76.936430321475697,38.89873369640533],[-76.936430517214504,38.898514036547105],[-76.936360242817685,38.898513998286731],[-76.936272399821817,38.898513950401828],[-76.936184556826063,38.898513902450858],[-76.936096713830338,38.898513854433851],[-76.936008870834826,38.898513806350763],[-76.935921027839356,38.898513758201652],[-76.935903459240308,38.898513748563914],[-76.935903705940774,38.898239173730097],[-76.93590395386957,38.897963229611904],[-76.93588638540605,38.897963219971601],[-76.935798543088723,38.897963171730368],[-76.935726332553912,38.897963132024323],[-76.935726369661097,38.897921945796114],[-76.935726615807468,38.897648740204659],[-76.935638773877486,38.897648691843287],[-76.935550931947532,38.897648643415877],[-76.935463090017791,38.897648594922401],[-76.935375248088178,38.89764854636288],[-76.935287406158579,38.897648497737293],[-76.935199564229194,38.897648449045668],[-76.935111722299851,38.897648400287984],[-76.935023880370721,38.897648351464269],[-76.934936038441677,38.897648302574488],[-76.934848196512704,38.897648253618648],[-76.934760354583929,38.897648204596742],[-76.934672512655254,38.897648155508804],[-76.934584670726636,38.897648106354808],[-76.934496828798217,38.897648057134774],[-76.934408986869926,38.897648007848659],[-76.934321144941663,38.89764795849652],[-76.934233303013599,38.897647909078302],[-76.934153576665324,38.897647864168611],[-76.933977892834719,38.897647737989061],[-76.933977937320591,38.897599669370699],[-76.933482506878974,38.89759938833091],[-76.933482462076057,38.897647438932381],[-76.93348223806062,38.897887691933533],[-76.93345059155196,38.897915131409981],[-76.933442677039096,38.897921991276093],[-76.933418945018971,38.89794257087771],[-76.9319967068827,38.897941751650123],[-76.931953946048537,38.898011382972868],[-76.93191659548485,38.898084059966735],[-76.931884870820681,38.898159363059165],[-76.931858955206152,38.898236857516828]]],[[[-76.939351051905319,38.89877664261904],[-76.939350865158829,38.898996302471716],[-76.93945627746912,38.898996357147901],[-76.93956168977958,38.898996411728952],[-76.939667102090169,38.898996466214875],[-76.939772514400985,38.898996520605678],[-76.939877926711887,38.898996574901375],[-76.939983339022916,38.898996629101973],[-76.940088751334173,38.898996683207443],[-76.940194163645586,38.898996737217786],[-76.940299575957141,38.898996791133023],[-76.940404988268881,38.898996844953153],[-76.940510400580777,38.898996898678142],[-76.940405057081747,38.898914472508793],[-76.94029971382615,38.898832046243207],[-76.940299759782334,38.898777131278862],[-76.940194347795341,38.898777077363782],[-76.940088935808518,38.898777023353581],[-76.940018661150717,38.898776987293957],[-76.940018695780111,38.898735801070409],[-76.940018880469523,38.898516141206443],[-76.939878331668154,38.898516068960625],[-76.939772920067256,38.898516014665283],[-76.939667508466542,38.898515960274821],[-76.93956209686597,38.89851590578926],[-76.93945668526554,38.898515851208565],[-76.939351273665267,38.898515796532777],[-76.939351086920155,38.898735456395691],[-76.939351051905319,38.89877664261904]]],[[[-76.928032071313481,38.89891949574735],[-76.928226061296357,38.899037660701175],[-76.928769051658634,38.898868014201199],[-76.929021001845712,38.898920515156775],[-76.929063162616913,38.89892930590343],[-76.929116480221467,38.898940418554503],[-76.929163537688012,38.898905530675272],[-76.92922355059909,38.898861038701121],[-76.929244911774461,38.898768292506951],[-76.929276530827238,38.898631024168701],[-76.929293260753965,38.898558381829652],[-76.929485216651656,38.898519608737573],[-76.929487900257101,38.898498719958013],[-76.928419766613302,38.898498070380128],[-76.928005106292446,38.898497815575801],[-76.928004961395288,38.898641390814277],[-76.928057778293365,38.898645657283154],[-76.928032071313481,38.89891949574735]]],[[[-76.940713146552056,38.899854021377074],[-76.940607732973433,38.899853967835014],[-76.940502319394966,38.89985391419787],[-76.940502090389515,38.900128488961727],[-76.940607504373745,38.900128542599084],[-76.940712918358102,38.900128596141329],[-76.940818332342644,38.900128649588481],[-76.940818560130836,38.899854074823999],[-76.940713146552056,38.899854021377074]]],[[[-76.941692639308329,38.901474244679761],[-76.941829311408839,38.901513598266362],[-76.942134011756053,38.901608616616024],[-76.942575877135383,38.901777164837938],[-76.943288388841097,38.901205022612459],[-76.942809957630502,38.901136785282105],[-76.943155857979136,38.90085838856394],[-76.942749034684397,38.900858189913222],[-76.942748818090394,38.901128071278144],[-76.942433910523363,38.901083163002923],[-76.942434314535987,38.900582505537166],[-76.942434425320954,38.90044521816624],[-76.942434901691513,38.899854882432685],[-76.94222407452942,38.899854778360663],[-76.942223852151187,38.900129353127824],[-76.94222383547276,38.900149946234819],[-76.941591351372907,38.900149631734649],[-76.941591368233929,38.900129038627739],[-76.941591580367771,38.899869949230322],[-76.941574750754114,38.899889134437885],[-76.941555379906816,38.899905750043786],[-76.941533856270652,38.899919462854271],[-76.941510611460444,38.899929997885494],[-76.941486111605784,38.899937143877835],[-76.941451152224602,38.899942803339805],[-76.941415738737362,38.899943073087023],[-76.941380697200515,38.899937946827357],[-76.941351883770636,38.899929947947051],[-76.941324868017858,38.899917128238414],[-76.941300449724253,38.89989986721978],[-76.941279351775933,38.899878675891266],[-76.941262198762601,38.899854181607012],[-76.941254995361746,38.899837372229982],[-76.941250561752014,38.899819629985345],[-76.941249011171521,38.899801408024963],[-76.941250383223405,38.899783171753043],[-76.941262655904396,38.899755572992355],[-76.941279412541959,38.899730442823476],[-76.941300171917419,38.899708502936946],[-76.941324337861076,38.899690383404462],[-76.941351216373121,38.899676604584464],[-76.941380035553934,38.899667562178372],[-76.941409967771577,38.89966351586687],[-76.941440153429852,38.899664581852292],[-76.941493701633661,38.899664608681093],[-76.941493742164553,38.89961518882351],[-76.941493922314166,38.899395528991775],[-76.941388509412477,38.89939547615424],[-76.941283096510958,38.899395423221584],[-76.941247958877142,38.899395405556234],[-76.941247992797074,38.899354219336878],[-76.941248173702789,38.899134559495288],[-76.94119898350101,38.899134534747276],[-76.941139256658857,38.899134504670364],[-76.941079518288774,38.899134474557108],[-76.940861661145462,38.899134364479558],[-76.940826523640339,38.899134346687447],[-76.940721111125114,38.899134293247698],[-76.940615698610031,38.899134239712808],[-76.94051028609519,38.89913418608284],[-76.940404873580434,38.899134132357744],[-76.940299461065834,38.899134078537529],[-76.94019404855139,38.899134024622192],[-76.940088636037103,38.899133970611715],[-76.939983223522987,38.899133916506173],[-76.939983112645677,38.899265708807647],[-76.940070956569784,38.899265753902306],[-76.940070889678935,38.899345378791693],[-76.940088451560911,38.899353630451536],[-76.940193864399774,38.89935368446217],[-76.940299277238822,38.899353738377684],[-76.940404690078012,38.899353792198049],[-76.940404655671173,38.89939497841717],[-76.940510005603684,38.899470540210061],[-76.940615355759277,38.899546101906928],[-76.940615298617089,38.899614745602996],[-76.940640758111826,38.899616393546154],[-76.940665666426483,38.899621914184642],[-76.940689438009755,38.899631177737803],[-76.940711514032913,38.899643966435562],[-76.940731375526894,38.899659979637789],[-76.940748555582388,38.899678840901849],[-76.94076265032605,38.8997001068321],[-76.940773328414906,38.899723277503369],[-76.940853806416285,38.899723318274631],[-76.940853697990477,38.899854092618504],[-76.940853470337515,38.900128667383058],[-76.940888574204621,38.900169871380584],[-76.940888346684901,38.900444446129661],[-76.940958622985818,38.900444481666121],[-76.941064037437243,38.900444534891541],[-76.941169451888911,38.900444588021848],[-76.941274866340734,38.900444641057057],[-76.941380280792714,38.900444693997102],[-76.941485695244864,38.900444746842041],[-76.941591109697171,38.900444799591874],[-76.941696524149535,38.900444852246586],[-76.941801938602168,38.900444904806193],[-76.941907353054901,38.900444957270665],[-76.942012767507805,38.900445009640023],[-76.942118181960893,38.90044506191424],[-76.942223596414124,38.900445114093358],[-76.942222308279781,38.900569473883778],[-76.941819395709203,38.900582200927197],[-76.941819058655156,38.900995468321717],[-76.941994730461118,38.901020526849074],[-76.941692639308329,38.901474244679761]]]]}},{"type":"Feature","properties":{"id":"DPR_0016","name":"Evans Park","address":"East Capitol and Blaine Sts., to 55th St. & 57th Pl., SE","type":"PARK","ward":"7","water":0,"playground":0,"picnic":0,"benches":0,"pool":0,"garden":"N"},"geometry":{"type":"Polygon","coordinates":[[[-76.922683746159379,38.889890842417856],[-76.922595913790914,38.889890784248912],[-76.922508081422492,38.889890726013931],[-76.922420249054298,38.889890667712912],[-76.922332416686231,38.889890609345834],[-76.922244584318278,38.889890550912725],[-76.922156751950496,38.889890492413585],[-76.92206891958287,38.889890433848379],[-76.921945954268352,38.889890351746104],[-76.921735156587133,38.889890210698248],[-76.921603408036759,38.889890122350174],[-76.921515575669972,38.889890063368881],[-76.921427743303411,38.889890004321551],[-76.921339910936908,38.889889945208168],[-76.921252078570632,38.889889886028733],[-76.921164246204512,38.889889826783296],[-76.921076425365015,38.889889767479559],[-76.921075969760878,38.890301630282693],[-76.921110880558928,38.89061741556327],[-76.92131715111573,38.890993177039384],[-76.921299180435838,38.891087662818286],[-76.92138594210293,38.891098351126608],[-76.921472703795928,38.891109039370505],[-76.921559465515031,38.891119727549921],[-76.921733784268767,38.891141203340375],[-76.921944557400153,38.891167162382416],[-76.922041115701973,38.89117905486389],[-76.922127877591365,38.891189742620959],[-76.922214639516483,38.891200421305243],[-76.922301401457858,38.891211108933398],[-76.922388163425126,38.891221796497092],[-76.922474936945193,38.891232484003979],[-76.922561698964472,38.891243171438738],[-76.922700520554798,38.891260271201794],[-76.922823163375057,38.890921312988979],[-76.922823223557828,38.890865677285625],[-76.922823268110179,38.890824491010093],[-76.922823342363955,38.890755847216859],[-76.922823416617575,38.890687203422772],[-76.922823490871068,38.89061855962786],[-76.922823565124432,38.890549915832104],[-76.92282363937764,38.890481272035565],[-76.922823713630706,38.890412628238153],[-76.922823787883615,38.890343984439923],[-76.922823832435313,38.890302798160562],[-76.922824277949317,38.88989093535077],[-76.922683746159379,38.889890842417856]]]}},{"type":"Feature","properties":{"id":"DPR_0057","name":"Happy Hollow Childrens Pool","address":"2200 CHAMPLAIN STREET NW","type":"AQUATIC CENTER","ward":"1","water":0,"playground":0,"picnic":0,"benches":0,"pool":0,"garden":"N"},"geometry":{"type":"Polygon","coordinates":[[[-77.040496465364924,38.919290685569713],[-77.040647819274994,38.919259707421787],[-77.040642101538552,38.919242620609374],[-77.040649884265363,38.919241032436162],[-77.040599602576577,38.919090133368989],[-77.040592822382777,38.919070227315501],[-77.040583616605929,38.91904325957335],[-77.040559069396309,38.919048312761156],[-77.040447551915136,38.919071259599242],[-77.040413999804841,38.919078162580881],[-77.040363164156474,38.919088350556429],[-77.040395529469535,38.919184845609166],[-77.0403854753432,38.919186902983661],[-77.040397742292967,38.919223463553514],[-77.04040530595401,38.919221920513976],[-77.040426813592674,38.919286043373347],[-77.040490528229796,38.919273004276249],[-77.040496465364924,38.919290685569713]]]}},{"type":"Feature","properties":{"id":"DPR_0632","name":"Congress Heights","address":"7th St., south of Alabama Ave., SE","type":"REC CENTER GROUNDS","ward":"8","water":1,"playground":1,"picnic":2,"benches":5,"pool":0,"garden":"N"},"geometry":{"type":"Polygon","coordinates":[[[-76.997743736001539,38.842031826183138],[-76.99765596248082,38.842031824455084],[-76.997568188959988,38.842031822661042],[-76.997480415439298,38.842031820800997],[-76.997338261499777,38.842031817648532],[-76.997316956165889,38.84191170750664],[-76.997007307370964,38.841911708992399],[-76.996498290919817,38.841911703849725],[-76.996448529639707,38.841911657304955],[-76.996444636280131,38.841911657186493],[-76.996388674480897,38.8419787954425],[-76.996143286652398,38.842020911105834],[-76.99555997824524,38.842121019298538],[-76.99559537572101,38.84230696403381],[-76.995725383078494,38.842988521039516],[-76.995991854216442,38.842946415995065],[-76.996287963607472,38.842899626894848],[-76.99636404704782,38.842887603010169],[-76.996512055471399,38.842864221592976],[-76.996759507738687,38.842825114039002],[-76.997459104415114,38.842712832037037],[-76.997460060294387,38.84271826415209],[-76.997743714327271,38.842718269974561],[-76.997743716494696,38.842649625598824],[-76.99774371866215,38.842580981222348],[-76.99774372082959,38.842512336845139],[-76.997743722997029,38.842443692467128],[-76.99774372516444,38.842375048088357],[-76.99774372733188,38.842306403708854],[-76.997743736001539,38.842031826183138]]]}},{"type":"Feature","properties":{"id":"DPR_0502","name":"Oxon Run Park","address":"Mississippi Ave., between 1st St. and Southern Ave., SE","type":"LARGE PARK","ward":"8","water":0,"playground":4,"picnic":0,"benches":0,"pool":0,"garden":"N"},"geometry":{"type":"MultiPolygon","coordinates":[[[[-77.0040300443153,38.818921108871152],[-77.001669582585805,38.820763617088502],[-77.002444636188855,38.821371675750946],[-77.003155236423069,38.821929148367055],[-77.002947610611542,38.822215614382074],[-77.004134177924996,38.822741790531623],[-77.004424428194582,38.822870529031462],[-77.004427730397964,38.822864677964432],[-77.00443176302656,38.822859304191162],[-77.004439823457801,38.822849844984205],[-77.004444464000045,38.822845007255552],[-77.00444700883827,38.822842755039396],[-77.004453411256179,38.822837412768486],[-77.004461379569122,38.822828160758469],[-77.00446730952315,38.822817764749445],[-77.00446909403739,38.822810981298183],[-77.004468022557631,38.822802729574605],[-77.004463760708788,38.822786298276277],[-77.004462355421424,38.822780406786286],[-77.004459061033572,38.822766173519064],[-77.004458485058734,38.822763155701374],[-77.004455835378806,38.822746129781557],[-77.004455325314709,38.822739815535598],[-77.004455742468025,38.822733494471564],[-77.004457077901307,38.822727302017654],[-77.00446084273247,38.822714347684105],[-77.004462120628702,38.822708771388108],[-77.004460957028826,38.822700573718691],[-77.004458238413335,38.822686061166429],[-77.004453585197524,38.82267216126445],[-77.004452318187049,38.822667639057414],[-77.004448378687684,38.822649568203104],[-77.00444782574786,38.822646586418315],[-77.004444715187361,38.822625398599229],[-77.00444136268689,38.822602409093761],[-77.004438240565861,38.822580437537276],[-77.004438056225595,38.822579005196424],[-77.004435648062781,38.8225567633583],[-77.004433332133885,38.822536242135683],[-77.004430394431282,38.822516883030083],[-77.004426097771301,38.822495776331358],[-77.00442250401619,38.822481867379011],[-77.00442025802208,38.822474822835034],[-77.004419751222812,38.822473057192717],[-77.004414452697546,38.822451833421198],[-77.004414164729241,38.822450599270695],[-77.004409176996845,38.822427213452606],[-77.004404603964645,38.822405980644554],[-77.004399363032121,38.822384837946267],[-77.004398994429238,38.822383189408818],[-77.004394444314372,38.822360010768307],[-77.004390113157854,38.822339399535302],[-77.004384699645229,38.822320626072134],[-77.00438399702098,38.822317869504474],[-77.004379228184632,38.822295780897122],[-77.004378652198739,38.822292465799045],[-77.004375656782102,38.822270485226568],[-77.004375288011857,38.822266089103444],[-77.004374595797785,38.8222452795465],[-77.004374561163559,38.822243856208367],[-77.004375274655303,38.822236054840104],[-77.004379303781278,38.822214074003867],[-77.00437960309722,38.82221259660232],[-77.004384138985444,38.822191867925135],[-77.004387051278258,38.822172950012764],[-77.00438873137081,38.822153599739757],[-77.004388833720853,38.822132609983079],[-77.004388152898954,38.822109836577241],[-77.004388024736869,38.822085594768659],[-77.004388116682406,38.822082676018439],[-77.004389612305502,38.82205979442881],[-77.004390429546064,38.822053812768836],[-77.00439452788676,38.822034039005878],[-77.004397762600675,38.822015012978881],[-77.004400283154013,38.821992879053902],[-77.004402884318196,38.821970799176583],[-77.004405024799809,38.821947791443328],[-77.004407487587983,38.821922702739364],[-77.004410169246938,38.821898848188447],[-77.004412827909064,38.821875579189324],[-77.004413265316913,38.821872597366578],[-77.004417639772171,38.821848904903838],[-77.004417985135291,38.821847220305372],[-77.004418272951142,38.821846031175369],[-77.00442407539029,38.821823239506024],[-77.004429659011976,38.821800159573307],[-77.004430234655842,38.821797988508202],[-77.004437027414809,38.821775016630838],[-77.004438155733794,38.821771692459492],[-77.004446330450747,38.821750251970201],[-77.004447170958315,38.821748188996644],[-77.004456416635421,38.821727045745519],[-77.004465788969767,38.821705767361564],[-77.004475080708247,38.821684786259652],[-77.00447569095067,38.82168348000689],[-77.004485259150513,38.821663994300849],[-77.004493560702556,38.821645580651733],[-77.004501551212414,38.821625293250449],[-77.004502668054798,38.821622671740172],[-77.004503646751459,38.821620698845621],[-77.004514930615557,38.821599078061347],[-77.00451674986779,38.821595870972644],[-77.004529634437148,38.821575096921848],[-77.004536842405741,38.821563196441708],[-77.00454179355998,38.821554944482813],[-77.004552939355463,38.821535512760292],[-77.00456294507218,38.821515522555579],[-77.00457390645731,38.821493748633749],[-77.004574528219848,38.821492568498662],[-77.004585696943195,38.821471821534061],[-77.004595276653561,38.821453164598005],[-77.004603186615398,38.821434597811745],[-77.004611188661102,38.82141547249558],[-77.004612040684847,38.821413553655958],[-77.004620871880746,38.821395022865886],[-77.00462930001251,38.821376230845161],[-77.004631211342314,38.821372474233684],[-77.004640998394891,38.821355177565636],[-77.004641723791707,38.821353952383646],[-77.004650394026726,38.821339583514721],[-77.004656070398255,38.821327800198105],[-77.004659973444276,38.821316971850784],[-77.004660929071974,38.821314548531802],[-77.004661930766886,38.82131220628731],[-77.004666362939616,38.821292441507623],[-77.004666581326305,38.821286207631594],[-77.004665406044097,38.821275460563385],[-77.004663125037339,38.821261065105411],[-77.004660775036839,38.821248174066106],[-77.004658390866354,38.821241039446086],[-77.004654394591952,38.821234868797617],[-77.004646241002803,38.821225203024866],[-77.004635933958951,38.821214573429842],[-77.00462593795514,38.821205781551278],[-77.004616840330328,38.821199611103687],[-77.0046034243679,38.821192873291729],[-77.004588810806382,38.821186252635535],[-77.00457380582435,38.82118123550211],[-77.004558409402875,38.821177542628469],[-77.004541193656237,38.821175696561795],[-77.004522722778944,38.821174715355276],[-77.004503227056077,38.82117422064325],[-77.004481232490434,38.821173951235977],[-77.004459456701554,38.821173402553335],[-77.004455840833145,38.821173231530409],[-77.004436725074058,38.821171971072069],[-77.004430310916334,38.82117131369688],[-77.004410803540353,38.821168566850126],[-77.004391457395727,38.821166036197518],[-77.004369704525587,38.821163604725186],[-77.004366871697684,38.821163235483624],[-77.004345176354974,38.821159957207527],[-77.004323895565719,38.82115658882725],[-77.004302096562853,38.821152896156931],[-77.00427873145658,38.8211491675061],[-77.00425734704848,38.821146033337889],[-77.004237448170912,38.821143466646021],[-77.004216708664686,38.821140881964183],[-77.004209269597212,38.821139576003432],[-77.004190936739619,38.821135531856541],[-77.004174112420387,38.82113166782235],[-77.004170369839414,38.821130722065931],[-77.004154581883114,38.82112632649163],[-77.004146555448003,38.821123615225048],[-77.004134728796373,38.82111892222737],[-77.004134046538212,38.820473302543938],[-77.004147484455316,38.820464608883711],[-77.004166115592142,38.820452455780256],[-77.004181384363804,38.820442419787192],[-77.004196687588205,38.820430870366188],[-77.00421220960736,38.820419456062524],[-77.004225094633668,38.820408492276293],[-77.004239971625708,38.820394411482127],[-77.004240938861656,38.820393519607435],[-77.004257059479116,38.82037901536728],[-77.004258521851838,38.820377745118186],[-77.004274769177826,38.820364024608715],[-77.004289600210711,38.820351961709342],[-77.004302496730475,38.820341033947948],[-77.004314875054149,38.820330070170378],[-77.004327794500057,38.820317547904317],[-77.004333114309702,38.820313034458259],[-77.004348774436252,38.820301142681586],[-77.004352539786467,38.820298476031027],[-77.004358815417064,38.820294809345199],[-77.004375972710037,38.820285890307403],[-77.004379715079736,38.82028407045393],[-77.004388051979319,38.820280863121639],[-77.004406476134591,38.820274916830115],[-77.004409239760989,38.82027407893699],[-77.004412809453868,38.820273141920048],[-77.004430047640753,38.820269033399647],[-77.004434503976796,38.82026751079713],[-77.004438061699531,38.820259267902387],[-77.004444210036127,38.820245682880078],[-77.004445660785933,38.820242782094162],[-77.004452500099561,38.820230169960922],[-77.004458936429245,38.820218431665204],[-77.004464002471551,38.82020728798129],[-77.004468227838075,38.820195243481351],[-77.00447171619679,38.82018277561086],[-77.004473995480154,38.820170839286995],[-77.004475053988358,38.820156479728716],[-77.004475928142782,38.820140390549163],[-77.004476468325379,38.820123859966863],[-77.004476570937186,38.820107500562479],[-77.004476466299536,38.820091555556083],[-77.004476016306015,38.820077250106358],[-77.00447565839707,38.820062341084842],[-77.004475657420485,38.82004676542212],[-77.004475979047086,38.820033982375875],[-77.00447558679646,38.820022325417099],[-77.004474618692043,38.820009236131952],[-77.004474503318448,38.820005713820464],[-77.004474732704125,38.819991038996776],[-77.00447481318686,38.819989057127962],[-77.004475733482849,38.819974283184422],[-77.004475906084906,38.819972256269658],[-77.004477517302604,38.819957572384368],[-77.004478115855576,38.819953725740135],[-77.004481212499982,38.819938366161672],[-77.004481788114759,38.819935996909159],[-77.004485713911322,38.819921502112763],[-77.004489202243917,38.819908881097092],[-77.004491032418073,38.819896908755737],[-77.004492919990966,38.819882125766135],[-77.004493368909323,38.81987931510286],[-77.004496477025526,38.819863369972111],[-77.004496787846207,38.8198619195947],[-77.00450074803193,38.819845055565928],[-77.004501669042867,38.819841731400935],[-77.004506803824768,38.819825542962626],[-77.004512030750945,38.819809741885123],[-77.004517280614593,38.819792508458008],[-77.00451836284941,38.819789373464744],[-77.004525236324127,38.819771581448478],[-77.004532662513199,38.819753573206768],[-77.004539823956975,38.81973727658621],[-77.005229121314002,38.81919960353801],[-77.005344945464557,38.819109252224443],[-77.005344981201588,38.817894773629682],[-77.0040300443153,38.818921108871152]]],[[[-77.003795593608231,38.830555894144936],[-77.003795597259085,38.830624538653275],[-77.00379560090991,38.830693183160882],[-77.00379560423211,38.830755647860457],[-77.003795607182028,38.830811112981813],[-77.003795687803589,38.830811158021532],[-77.003866254928354,38.830853882854989],[-77.003939906783117,38.830861816848497],[-77.00409473121249,38.830878495194185],[-77.004181662345403,38.830887860914189],[-77.004268605018083,38.830897226568986],[-77.004355547713686,38.830906592158996],[-77.004442490432083,38.830915957684283],[-77.00452942165623,38.830925323145173],[-77.004586893758159,38.830598917171436],[-77.004594077733415,38.83055810853913],[-77.004601192598656,38.830517299908834],[-77.004675719480105,38.830525260429283],[-77.004703544696127,38.830528232104434],[-77.004763482267165,38.830576361904832],[-77.004851242349289,38.830585817177344],[-77.004939002453952,38.830595263375351],[-77.005026762582474,38.830604718515843],[-77.005114522734331,38.83061417359032],[-77.005202282908655,38.830623619590341],[-77.005290043106896,38.83063307453282],[-77.005290017028457,38.830281203856998],[-77.005290029887419,38.830143914831183],[-77.005289966845822,38.829759487530737],[-77.005289962775933,38.829704571916629],[-77.00528996883844,38.829320180620279],[-77.005289915972455,38.829073042320786],[-77.005763806966584,38.829073019870407],[-77.00576380142374,38.829004375345328],[-77.005763795880895,38.828935730819524],[-77.005763790338094,38.828867086292995],[-77.005763784795278,38.828798441765706],[-77.005763779252462,38.828729797237671],[-77.005763773709674,38.828661152708897],[-77.005763768166901,38.828592508179412],[-77.005763762624127,38.82852386364916],[-77.005763757080629,38.828455210109709],[-77.005763751537884,38.828386565577972],[-77.005763745995139,38.828317921045482],[-77.00576374012654,38.828245240718168],[-77.005792310809696,38.827936392943904],[-77.005620401484308,38.827038238867878],[-77.005451018910591,38.826144849775922],[-77.003702088738578,38.826144918392551],[-77.003947705217598,38.827139454575196],[-77.003935689323782,38.827271140802736],[-77.003907525471391,38.827579997149286],[-77.003859334443106,38.828108372519608],[-77.00377688894811,38.829012176851997],[-77.003795512073111,38.829022806239628],[-77.003795514751218,38.829073163574911],[-77.003795527893757,38.829320283859232],[-77.003795531544469,38.829388928380972],[-77.003795535195195,38.829457572901944],[-77.003795538845935,38.82952621742217],[-77.003795542496661,38.829594861941679],[-77.003795549798156,38.829732150978408],[-77.003795553448924,38.829800795495672],[-77.003795557099693,38.82986944001221],[-77.003795560750461,38.829938084527953],[-77.003795564401244,38.830006729042992],[-77.003795568052496,38.830075382565745],[-77.003795571703307,38.830144027079307],[-77.003795575354104,38.830212671592093],[-77.003795579004915,38.830281316104184],[-77.003795582655727,38.830349960615443],[-77.003795586306566,38.830418605126042],[-77.003795589957392,38.830487249635873],[-77.003795593608231,38.830555894144936]]],[[[-77.002683776030025,38.831713035317868],[-77.002479558227591,38.831847067765864],[-77.002412333871405,38.831891192631815],[-77.002345109432127,38.831935317458765],[-77.002277873392558,38.83197944224689],[-77.002210648787027,38.832023566995794],[-77.00214342409852,38.832067691705589],[-77.002076199326893,38.832111816376425],[-77.002008962954932,38.832155941008388],[-77.001941738017067,38.832200065601128],[-77.001874512996196,38.832244190154853],[-77.001807287892248,38.832288314669498],[-77.001740051187895,38.832332439145368],[-77.00167282591768,38.832376563581967],[-77.001605600564659,38.832420696988031],[-77.001538363611033,38.832464821346747],[-77.001471138091532,38.832508945666248],[-77.001403912489039,38.832553069946769],[-77.001336686803469,38.832597194188224],[-77.001269449517466,38.832641318390785],[-77.001202223665615,38.832685442554194],[-77.001134997730773,38.832729566678552],[-77.001067771712826,38.832773690763879],[-77.001000534094473,38.832817814810284],[-77.000933307910245,38.832861938817544],[-77.000866081643068,38.832906062785781],[-77.000798843775399,38.83295018671506],[-77.00075307406604,38.83298023024188],[-77.000753074426086,38.833014273220655],[-77.000752997234684,38.833338658928582],[-77.000752986176778,38.833382115747987],[-77.000752975019296,38.833416158724667],[-77.000752897827113,38.833740553420391],[-77.000753062103399,38.834027184630386],[-77.000753062939992,38.834106287923838],[-77.000750916733281,38.834824712633392],[-77.000748654088426,38.834915859689858],[-77.000753055166143,38.835006928542811],[-77.000764096453878,38.835097432661115],[-77.000781718964035,38.835186888530679],[-77.000871855983476,38.835126495180489],[-77.002662816838239,38.833928342843429],[-77.0026570553906,38.833856275287168],[-77.002875530081923,38.833258243392478],[-77.003001031525514,38.832892262448311],[-77.003079389072994,38.832739972347227],[-77.003177623444401,38.832549035344442],[-77.003198813439255,38.832507848072801],[-77.003254897709581,38.832398835110169],[-77.003342651398953,38.832228266385783],[-77.003375391939414,38.832164620649095],[-77.003484161976687,38.831953197818947],[-77.003561396379254,38.831953195486356],[-77.003649157510651,38.831953192773831],[-77.003736918642133,38.831953189995282],[-77.003824679773516,38.831953187150759],[-77.003912440904912,38.831953184240255],[-77.004000202036366,38.831953181263728],[-77.004087963167734,38.831953178221241],[-77.004087940959366,38.831565462939388],[-77.004087938595561,38.831524195164427],[-77.004087936393788,38.83148575604703],[-77.00413168998378,38.83148575450555],[-77.00419324906207,38.831485752308957],[-77.004216307694222,38.831508281647231],[-77.00424063329929,38.831532036085967],[-77.00430017710238,38.831535096784108],[-77.004387972548216,38.831539597746897],[-77.004451271373739,38.831180085544162],[-77.004364339849701,38.831170720025405],[-77.004277396831341,38.831161354442301],[-77.004190453835804,38.831151988794453],[-77.004103522380248,38.831142623081398],[-77.004016579430314,38.831133257303954],[-77.003929636503202,38.831123891461743],[-77.003842693598983,38.83111452555476],[-77.003677100195503,38.831096685123363],[-77.003334247515212,38.831321726878372],[-77.002683776030025,38.831713035317868]]],[[[-76.99417420191844,38.838605229961054],[-76.9937159215322,38.838633672911165],[-76.993715910009129,38.838633726961241],[-76.993717725904702,38.83867912966776],[-76.994007950866447,38.838658689426303],[-76.994297624314029,38.838631530161734],[-76.994586590715798,38.83859766645643],[-76.994874694919716,38.838557116492517],[-76.995161782236679,38.838509902042105],[-76.995447698523577,38.838456048455612],[-76.995732290266034,38.83839558464814],[-76.996015404660866,38.838328543083961],[-76.996296889698101,38.83825495975907],[-76.995818497849584,38.837560013359202],[-76.997758876358418,38.836742945675319],[-76.998040583449011,38.837152168887563],[-76.998081533252815,38.837139597471904],[-76.998123966957181,38.837133740198119],[-76.998166791147426,38.837134747994092],[-76.99820890234696,38.837142594891333],[-76.998249215451281,38.83715707869414],[-76.998286691688435,38.837177826189695],[-76.998320365385766,38.837204302764825],[-76.998349368852928,38.837235826181761],[-76.998472228195865,38.837414294374675],[-76.998595657215105,38.8373500926999],[-76.998718233887971,38.837284278285786],[-77.000071133973762,38.836543835186603],[-76.999623975243281,38.836044045387922],[-76.999662653598577,38.835756108160012],[-77.000468909766113,38.835314828346895],[-77.000448125046518,38.835219590192075],[-77.000432704199596,38.83512333787688],[-77.000422695585769,38.835026373252653],[-77.000418130592479,38.834929000404607],[-77.000419023535741,38.834831524698124],[-77.000424364621296,38.834309979888033],[-77.000424357743796,38.833158383252929],[-76.99951976539873,38.83375207670435],[-76.998457180443211,38.834449439478917],[-76.997534472174863,38.835054981322209],[-76.996849148018597,38.835518900481915],[-76.996509363486652,38.835721581136511],[-76.996284759736156,38.835843188393589],[-76.996037119758512,38.835960290207659],[-76.995927305984964,38.836019407117732],[-76.995815320389823,38.836074298832926],[-76.995701325467124,38.836124885703924],[-76.995585486626524,38.836171094327838],[-76.995467971953218,38.836212857654743],[-76.99488224016477,38.836383462645941],[-76.993430511017976,38.836743340911461],[-76.993539604822217,38.836793280875185],[-76.993484672960179,38.836821447267155],[-76.993508165718993,38.836864896362599],[-76.993552267371641,38.836948662344511],[-76.993590432591745,38.837035294390923],[-76.993622476314911,38.837124372420185],[-76.993648243160067,38.837215464489994],[-76.993667608182932,38.837308128891898],[-76.99368047748186,38.837401916293167],[-76.993686788653207,38.837496371915591],[-76.993723253774945,38.838427370693495],[-76.994182304518574,38.838399396191754],[-76.99417420191844,38.838605229961054]]],[[[-76.992229948330333,38.837036996923672],[-76.991660330974383,38.837176318444378],[-76.991311657664468,38.837261594088837],[-76.991140310316837,38.837298750101418],[-76.990686967629728,38.837409482793163],[-76.990284834740365,38.837507714258386],[-76.989882700745753,38.837605935328149],[-76.98948057716288,38.837704155011942],[-76.989078440954074,38.837802382316177],[-76.988676303640219,38.837900599224888],[-76.988427075166896,38.837961471941625],[-76.9884421230378,38.838000939474412],[-76.98848684643302,38.838130003536889],[-76.988525111986974,38.838261127377912],[-76.988556825467086,38.838393988092506],[-76.988581908775885,38.838528258498492],[-76.988600300143318,38.838663607942181],[-76.988609705050195,38.83878748008955],[-76.988612965263243,38.838911665967075],[-76.988635472741564,38.839030062941177],[-76.988652649625237,38.839149349925904],[-76.988664461373048,38.83926928704556],[-76.98867088423259,38.839389633117094],[-76.988670831521972,38.839721873862338],[-76.988876764024155,38.839686976902208],[-76.989357072755979,38.839605576255458],[-76.989507081180264,38.839580149963545],[-76.98976390505527,38.839519086444817],[-76.990166049989014,38.839420865814461],[-76.990568193816316,38.839322643797033],[-76.99097033653824,38.839224411384144],[-76.991305450787337,38.839142558988733],[-76.991470329526493,38.83910228534706],[-76.991641681030742,38.839065128860724],[-76.992211278917793,38.838925987639925],[-76.992412308648426,38.838877453480634],[-76.992614685094267,38.838834882464845],[-76.992818231411235,38.838798311792694],[-76.993022769733003,38.838767773420997],[-76.993228121326354,38.838743294035318],[-76.993434106747429,38.838724895026651],[-76.993389567082929,38.837587548063603],[-76.993383256305165,38.837493092443438],[-76.993370387385212,38.837399305018934],[-76.99335102272515,38.837306640570326],[-76.993325256225233,38.837215548432475],[-76.993293212828604,38.837126470316029],[-76.993255047915412,38.837039838165545],[-76.993210946549368,38.83695607206495],[-76.993182937158153,38.836904664179556],[-76.993152940051544,38.836854390227337],[-76.993128951645829,38.836817102815566],[-76.992229948330333,38.837036996923672]]]]}},{"type":"Feature","properties":{"id":"DPR_0484","name":"Randall","address":"west of S. Capitol St., between G and K Sts., SW","type":"REC CENTER GROUNDS","ward":"6","water":1,"playground":1,"picnic":2,"benches":22,"pool":1,"garden":"N"},"geometry":{"type":"Polygon","coordinates":[[[-77.009545960564694,38.881160169771775],[-77.00960279764108,38.881195855253729],[-77.009662084960837,38.88122730236153],[-77.009723507026933,38.881254343749632],[-77.009786736982278,38.881276835517461],[-77.010137823524346,38.881405832733599],[-77.010484035964836,38.881533424020525],[-77.010757187195125,38.881634482316421],[-77.011061770274893,38.881746725418012],[-77.011088268334618,38.881756497007302],[-77.01126079455706,38.881275729763423],[-77.011310042900448,38.881138482179146],[-77.011367170740968,38.880979271347883],[-77.011419851627821,38.880832483490188],[-77.011430588228876,38.880802583590608],[-77.011460148385055,38.880720198958507],[-77.011486886102247,38.880645705946016],[-77.011486809439134,38.88038430946375],[-77.01148681394254,38.880340699839991],[-77.011486826325907,38.880274452126876],[-77.01122047186189,38.880274478024802],[-77.010794623300058,38.88027776118949],[-77.010794657384366,38.880274518165308],[-77.010783697101516,38.88027451917803],[-77.010783680499912,38.880164688867559],[-77.01078356650136,38.879410506265835],[-77.010502544104298,38.879410531880389],[-77.010502550778043,38.87937757917814],[-77.009283012788316,38.879377682501804],[-77.009283017076271,38.879410635203079],[-77.009283075315921,38.879946769681617],[-77.009283092698908,38.880080355125784],[-77.009283208309782,38.880083129701333],[-77.009283129506684,38.880274648116803],[-77.009186953312977,38.880274655723447],[-77.009187004273983,38.880670376333455],[-77.009187066348389,38.881152388286331],[-77.009419286595858,38.88115236978458],[-77.009534791649187,38.881152360409985],[-77.009545960564694,38.881160169771775]]]}},{"type":"Feature","properties":{"id":"DPR_0035","name":"Upshur","address":"14th St. and Arkansas Ave., NW","type":"REC CENTER GROUNDS","ward":"4","water":2,"playground":1,"picnic":1,"benches":8,"pool":1,"garden":"N"},"geometry":{"type":"Polygon","coordinates":[[[-77.031720356880285,38.94198705114853],[-77.031321304111501,38.941987158761776],[-77.031321652362848,38.942779771078392],[-77.03132225086533,38.94411565500647],[-77.031322598384435,38.944932805568691],[-77.031525783986609,38.944932750945569],[-77.031846116265413,38.944115513455152],[-77.031937868590191,38.943884488912978],[-77.032531310899074,38.943196875776117],[-77.032530758706983,38.941986828413583],[-77.031720356880285,38.94198705114853]]]}},{"type":"Feature","properties":{"id":"DPR_0613A","name":"Friendship","address":"45th St., Van Ness and Massachusetts Ave., NW","type":"REC CENTER GROUNDS","ward":"3","water":1,"playground":1,"picnic":7,"benches":0,"pool":0,"garden":"Y"},"geometry":{"type":"MultiPolygon","coordinates":[[[[-77.089048285949744,38.941367942129418],[-77.087933021836804,38.942301703434957],[-77.087933977930334,38.943076830303234],[-77.088990159833429,38.943076031005432],[-77.089243563739203,38.942891239880687],[-77.08940163510961,38.942775966082216],[-77.08944753541536,38.942740843665931],[-77.089500873154805,38.942703598588096],[-77.089982025034701,38.942703229193761],[-77.09005234297301,38.942703175042766],[-77.090051931311024,38.942377282323939],[-77.089951331412408,38.942375143741415],[-77.090097207676365,38.94226876955922],[-77.090160197356781,38.942156828969807],[-77.09020511871698,38.942077944712523],[-77.090255978809736,38.94198861523801],[-77.090350067928725,38.941823366459033],[-77.090257868870822,38.941777738607705],[-77.090169592969346,38.94171478470583],[-77.090094794312847,38.941636965671051],[-77.090044980365917,38.941559073293554],[-77.090007868151247,38.94145511011525],[-77.089999271507153,38.941388662538763],[-77.090000700055185,38.941332431657798],[-77.090010743127309,38.941292868498309],[-77.090031334234709,38.941211732936843],[-77.089609785813295,38.940903495698556],[-77.089048285949744,38.941367942129418]]],[[[-77.087787437179259,38.943546821967594],[-77.087805033781592,38.943560537387526],[-77.088051149530514,38.943560352257464],[-77.088068712266804,38.943546610390435],[-77.088068390027033,38.94328576653448],[-77.087716797453766,38.943286030899216],[-77.087717094753401,38.943527651079606],[-77.087787413506589,38.943527598291077],[-77.087787437179259,38.943546821967594]]],[[[-77.088124635610285,38.94328572414495],[-77.088125101395477,38.943662522621224],[-77.088129757460521,38.943659141001667],[-77.088205141583771,38.943604169598004],[-77.08824455656972,38.943575430424502],[-77.088280525590847,38.943549198145128],[-77.088476389786436,38.943406376734828],[-77.088476239715746,38.943285458544807],[-77.088124635610285,38.94328572414495]]],[[[-77.087805087893528,38.943604470784692],[-77.087787525092168,38.943618212611973],[-77.087787548753795,38.943637427279889],[-77.087717229892291,38.943637480068503],[-77.087717527205939,38.943879109240811],[-77.087828208269357,38.943879026133061],[-77.087998803604748,38.943878897831873],[-77.088069122704169,38.943878844873893],[-77.088068906094804,38.943703507657233],[-77.088068800461386,38.943618001034608],[-77.088051203794123,38.94360428565453],[-77.087805087893528,38.943604470784692]]],[[[-77.087788383919005,38.944315624837571],[-77.087805980711295,38.944329340255308],[-77.087858720369184,38.944329300627793],[-77.087929039913021,38.944329247754077],[-77.087999359456731,38.944329194838069],[-77.088052099114392,38.944329155123306],[-77.088069662039885,38.944315413258153],[-77.088069326227156,38.944043588344563],[-77.087999006965234,38.944043641302684],[-77.087928687703169,38.944043694218479],[-77.087858368441033,38.944043747091989],[-77.087788049178769,38.944043799923179],[-77.08771772991642,38.944043852712099],[-77.087718040734316,38.944296453952973],[-77.087788360245838,38.944296401163889],[-77.087788383919005,38.944315624837571]]],[[[-77.088301581417966,38.944213642798566],[-77.088125782844017,38.94421377546378],[-77.088125850728872,38.944268689950988],[-77.088125918613812,38.944323604437663],[-77.088125986498881,38.944378518923749],[-77.088126054384034,38.944433433409245],[-77.088126122269315,38.944488347894129],[-77.088126190154682,38.944543262378474],[-77.088126258040162,38.94459817686225],[-77.088126332718772,38.944658586397004],[-77.088477943595251,38.944658320791817],[-77.088477868618696,38.944597911257262],[-77.088477800462371,38.944542996773698],[-77.08847773230616,38.94448808228956],[-77.088477664150034,38.944433167804895],[-77.088477595994036,38.944378253319563],[-77.088477527838123,38.944323338833719],[-77.088477459682338,38.944268424347236],[-77.088477391526638,38.944213509860234],[-77.088301581417966,38.944213642798566]]],[[[-77.087999413689005,38.944373128228648],[-77.087806034824411,38.944373273645986],[-77.087788471833832,38.944387015471357],[-77.087788495495985,38.944406230136444],[-77.087718175876091,38.944406282925613],[-77.087718486708269,38.944658893157118],[-77.087929619346212,38.944658734531984],[-77.087999766183756,38.944658681745899],[-77.088070086052369,38.944658628787337],[-77.088069750236372,38.94438680389176],[-77.088052153379181,38.944373088513856],[-77.087999413689005,38.944373128228648]]]]}},{"type":"Feature","properties":{"id":"DPR_017D","name":"Canal Park","address":"2nd St., between M and L Sts., SE","type":"PARK","ward":"6","water":0,"playground":0,"picnic":0,"benches":0,"pool":0,"garden":"N"},"geometry":{"type":"Polygon","coordinates":[[[-77.003360186049576,38.876613209621333],[-77.003011388046573,38.876613219142378],[-77.003011423508937,38.877452954850042],[-77.003360225616603,38.877452945328876],[-77.003360186049576,38.876613209621333]]]}},{"type":"Feature","properties":{"id":"DPR_0004","name":"Yards Park","address":"355 Water St, SE","type":"PARK","ward":"6","water":0,"playground":0,"picnic":0,"benches":0,"pool":0,"garden":"N"},"geometry":{"type":"Polygon","coordinates":[[[-77.000645410430096,38.873710083279278],[-77.000645417852638,38.873258050669804],[-77.000903587226617,38.873258048953012],[-77.000903581439516,38.8737100815625],[-77.000987775404298,38.873710080879199],[-77.000987783666545,38.873474934563234],[-77.00126991203436,38.873474931831062],[-77.001269904701758,38.873710078147056],[-77.001955118655829,38.873710068673461],[-77.00284348678349,38.873383252605862],[-77.002843469487942,38.872949507029361],[-77.002709607096236,38.87260315512809],[-77.002245813192616,38.872706067968615],[-77.00216316515592,38.872724401630933],[-77.002162828742399,38.873030966601242],[-77.001929701494575,38.873031105816345],[-77.001885519098565,38.873031133564098],[-77.001801815707822,38.872803582627668],[-77.001915866060386,38.872777051062876],[-77.001890200652795,38.872704993263952],[-77.000387223482107,38.872900823605562],[-76.998935512667529,38.872760774786784],[-76.998914372078758,38.873152577060829],[-76.999367017746877,38.873147283442805],[-76.999532650646827,38.873070586679688],[-77.000606454915612,38.873174164635032],[-77.000606459485553,38.873710083488731],[-77.000645410430096,38.873710083279278]]]}},{"type":"Feature","properties":{"id":"DPR_310C","name":"Park Road Park","address":"PARK ROAD PARK","type":"SMALL PARK","ward":"1","water":0,"playground":0,"picnic":0,"benches":0,"pool":0,"garden":"N"},"geometry":{"type":"Polygon","coordinates":[[[-77.044002319329849,38.932895365700041],[-77.044002341362457,38.93293106561142],[-77.044080665484458,38.932931036096363],[-77.044080566242201,38.932770517113887],[-77.043918113810875,38.932709222693447],[-77.043809986435804,38.93267013118912],[-77.043684351925194,38.932895484981287],[-77.043722700854161,38.932895470641064],[-77.043914433965071,38.932895398755583],[-77.043932002578842,38.932881663493376],[-77.043984733787468,38.932881643660089],[-77.044002319329849,38.932895365700041]]]}},{"type":"Feature","properties":{"id":"DPR_313F","name":"Triangle Park RES 313F","address":"Girard St.,16th St.,Brentwood Rd.,NE","type":"TRIANGLE","ward":"5","water":0,"playground":0,"picnic":0,"benches":0,"pool":0,"garden":"N"},"geometry":{"type":"Polygon","coordinates":[[[-76.982334842012079,38.9269960968345],[-76.982356425909089,38.927249603106468],[-76.982496946409611,38.927125913035844],[-76.982641951810123,38.927005421411742],[-76.982644085809667,38.927003466924106],[-76.982645827756812,38.927001287170263],[-76.982647108447495,38.926998918173339],[-76.982647927864136,38.926996431999839],[-76.982648239865753,38.926993873684431],[-76.982648044436942,38.926991306285395],[-76.98264736462751,38.926988792864329],[-76.982646200422195,38.926986396479464],[-76.982334842012079,38.9269960968345]]]}},{"type":"Feature","properties":{"id":"DPR_0665","name":"Riggs-LaSalle Community Center","address":"501 RIGGS ROAD NE","type":"REC CENTER GROUNDS","ward":"4","water":0,"playground":1,"picnic":0,"benches":2,"pool":1,"garden":"N"},"geometry":{"type":"Polygon","coordinates":[[[-76.997915423823301,38.959328005457621],[-76.998046365297427,38.959451810939129],[-76.998172499532188,38.95958051067386],[-76.998293643723315,38.959713918139386],[-76.998409622298482,38.959851839990442],[-76.998520267171855,38.959994076339157],[-76.999103071548944,38.960751379467382],[-76.999249677511443,38.960655682449534],[-76.999392266282896,38.960554096674329],[-76.99953060147179,38.96044679055624],[-76.999664453738461,38.960333941993227],[-76.99979360117527,38.960215738071845],[-76.99991782967453,38.960092374757046],[-77.00010632429111,38.959897084697005],[-77.000374462841563,38.959546113360553],[-77.000160361984555,38.959452105855476],[-76.999948851402948,38.959352406999656],[-76.999740082354819,38.959247088090976],[-76.999534204137674,38.959136224446397],[-76.99933136398171,38.959019895348099],[-76.999131706944482,38.958898183986804],[-76.998935375807221,38.958771177402241],[-76.998742510972676,38.958638966420935],[-76.997915423823301,38.959328005457621]]]}},{"type":"Feature","properties":{"id":"DPR_0506","name":"Banneker","address":"Georgia Ave. and Euclid St., NW","type":"REC CENTER GROUNDS","ward":"1","water":1,"playground":1,"picnic":0,"benches":11,"pool":2,"garden":"N"},"geometry":{"type":"Polygon","coordinates":[[[-77.022562884523538,38.923262385891974],[-77.022570106375326,38.923307813466401],[-77.022577328224969,38.923353205006734],[-77.022524997746814,38.923358286791313],[-77.022535836265234,38.923426405633023],[-77.022546663272351,38.923494524475124],[-77.022557490300159,38.923562643315371],[-77.022568328880681,38.923630762151504],[-77.02257915594987,38.923698880987963],[-77.022593599760427,38.923789700093366],[-77.022600821685216,38.923835127661427],[-77.022608043616344,38.923880546220346],[-77.022615265548112,38.923925937753474],[-77.022622487500513,38.923971365319083],[-77.022628981494606,38.924012234814391],[-77.022635475496159,38.924053104308975],[-77.022644141866451,38.924107602971475],[-77.022888314796816,38.924083917565881],[-77.02292319827778,38.924080532607597],[-77.022972035145571,38.924075793648512],[-77.023020872006882,38.924071054669078],[-77.023069708861698,38.924066315669201],[-77.023118534177996,38.92406157665117],[-77.023167371019824,38.924056837610472],[-77.023223184545358,38.924051421538955],[-77.023516193886493,38.924022995736699],[-77.023690599428136,38.924006069906312],[-77.023865004887071,38.923989143815582],[-77.024039421795223,38.923972217462172],[-77.024213827091515,38.923955299859081],[-77.024388232301988,38.923938372987323],[-77.024326672968229,38.923529326945875],[-77.024305081783652,38.923316708013033],[-77.024291185269988,38.923179847461014],[-77.024277288812755,38.923042995912226],[-77.0242633924057,38.922906135349947],[-77.02424949605205,38.922769274782503],[-77.024235599754817,38.922632423218275],[-77.024221703507777,38.922495562640592],[-77.024207807317197,38.92235871106606],[-77.024193911176909,38.922221850478117],[-77.024180015089883,38.922084989884993],[-77.024166107509245,38.921948084247539],[-77.024162636386805,38.921913853332036],[-77.02415916526769,38.921879622416185],[-77.024155682623132,38.921845400510705],[-77.024152211510682,38.921811169594228],[-77.024110523892986,38.921400596761679],[-77.024107052829962,38.921366383857681],[-77.024103570229386,38.921332143930755],[-77.024100099160876,38.921297894992804],[-77.024096616576188,38.92126368209022],[-77.024054721328454,38.920851028315589],[-77.023864790747794,38.920868498372343],[-77.023777522509477,38.920876524565266],[-77.023714688907333,38.920882311671569],[-77.02365493412583,38.920887800846081],[-77.023603631724185,38.920892522575208],[-77.023552329315748,38.920897244281768],[-77.02350103842916,38.92090195695522],[-77.023449736007152,38.920906678616745],[-77.02339843357538,38.920911391247422],[-77.023347131139872,38.920916112863907],[-77.023295840229011,38.920920834455579],[-77.023244537776989,38.920925547018697],[-77.023193235321003,38.920930268567616],[-77.023234317968246,38.921199987702629],[-77.023239298760359,38.921232704951194],[-77.023242407436243,38.921253162240539],[-77.023100767232208,38.921261874354315],[-77.023095359396763,38.921227814943876],[-77.023052027706356,38.920955330649122],[-77.022872221328257,38.920972779077772],[-77.022156754121752,38.921042199971055],[-77.022165419760313,38.9210966986996],[-77.02217155504772,38.921135307220347],[-77.022178418240159,38.921178437781847],[-77.022189244564657,38.921246556685475],[-77.02220008244133,38.921314675585087],[-77.022210908810024,38.921382803493358],[-77.02222834413908,38.921381106612714],[-77.022239182073633,38.921449225507033],[-77.02225000849721,38.92151734440165],[-77.022232573135355,38.921519041285457],[-77.022243399563223,38.921587160179804],[-77.022254226011754,38.921655279072283],[-77.022265064012714,38.921723397960676],[-77.022275890502627,38.921791516849481],[-77.022286728544984,38.921859635734165],[-77.022297555079064,38.921927763627494],[-77.022308381631063,38.92199588251065],[-77.022319219735508,38.922064001389721],[-77.022380255495037,38.922058080254736],[-77.022387408203656,38.922104417704595],[-77.022326579971221,38.922110320786963],[-77.022330046328847,38.92213212026919],[-77.022340872942891,38.922200239146726],[-77.022401286120811,38.922194381178194],[-77.022411847589581,38.922262527124225],[-77.022351711109422,38.922268358020204],[-77.022362537764849,38.922336476894017],[-77.02237336444378,38.922404604774307],[-77.022384202672427,38.922472723642173],[-77.022395029389898,38.922540842510429],[-77.022405856128074,38.922608961376781],[-77.022416694418794,38.922677080239055],[-77.022427521198338,38.922745199101669],[-77.022438359530483,38.922813317960234],[-77.022449186354223,38.922881445827436],[-77.022460013195925,38.922949564684494],[-77.022470851590086,38.923017683537445],[-77.022481678473156,38.923085802390688],[-77.022492505376817,38.923153921242154],[-77.022503343833165,38.923222040089499],[-77.022555662683757,38.923216967325033],[-77.022562884523538,38.923262385891974]]]}},{"type":"Feature","properties":{"id":"DPR_0692","name":"Woody Yard","address":"5100 SOUTHERN AVENUE SE","type":"REC CENTER GROUNDS","ward":"7","water":1,"playground":1,"picnic":0,"benches":5,"pool":1,"garden":"N"},"geometry":{"type":"MultiPolygon","coordinates":[[[[-76.928458443722334,38.878897919770949],[-76.928385979224558,38.878906036967265],[-76.928479239243416,38.879272582697105],[-76.928479273709598,38.879272690818979],[-76.928489547963963,38.879313090757279],[-76.928575142586837,38.879302062807227],[-76.928568821793093,38.879261178841048],[-76.928511786434839,38.878891943833551],[-76.928458443722334,38.878897919770949]]],[[[-76.929374639862985,38.880553004289283],[-76.929989400714206,38.880479667735464],[-76.930002241117663,38.880478134996324],[-76.930110555049353,38.880466225519477],[-76.930219292068784,38.880459154165685],[-76.930328236176749,38.880456934981737],[-76.930351470514211,38.880457083965325],[-76.930381227678481,38.880457588159928],[-76.930382841148159,38.880457625155252],[-76.930406996952783,38.880458324189085],[-76.93040865650498,38.880458379228266],[-76.930416908148729,38.880458672413269],[-76.930418533117063,38.880458736440126],[-76.930428790002708,38.880459147928043],[-76.930430449537468,38.880459220983688],[-76.930518514571787,38.880464586340985],[-76.930606331223387,38.880473099450406],[-76.930670614180556,38.879931291717909],[-76.930642115274509,38.879928914597961],[-76.930502398083036,38.879917237739633],[-76.930362680937378,38.879905560714171],[-76.930222963837423,38.879893883521511],[-76.930083246774402,38.879882215170042],[-76.930020106761432,38.879876934469507],[-76.929926070906561,38.879869076817869],[-76.929752438825403,38.879854568089748],[-76.929638328234702,38.879845031577304],[-76.929554502719711,38.879838026566233],[-76.929470665696144,38.879831021488009],[-76.929386840214079,38.879824016356565],[-76.929321625986063,38.879818562864685],[-76.929303014748371,38.879817011164967],[-76.929219177774257,38.879810005906208],[-76.929135352341561,38.879803000594258],[-76.92905152692525,38.879795995222111],[-76.928967690009486,38.879788980774414],[-76.928883864626187,38.879781975281944],[-76.928800039259258,38.879774969729276],[-76.928716202383939,38.879767964109412],[-76.928761677407863,38.879435537024371],[-76.92872637691336,38.879435335319513],[-76.928717646409453,38.879499199516047],[-76.928711557364579,38.87952247080554],[-76.928701940946013,38.879544519702925],[-76.928689028770492,38.879564815148356],[-76.92867313183487,38.879582868314841],[-76.92865463302563,38.87959824438191],[-76.928624739706194,38.879616891287839],[-76.928592374072025,38.879630811897506],[-76.928558277923045,38.879639687159326],[-76.9285232788108,38.879646230849403],[-76.928487679018659,38.879646873140068],[-76.928452466638944,38.879641596204173],[-76.928418619011126,38.87963054650605],[-76.928387075595225,38.879614030736306],[-76.928358711896522,38.879592507299456],[-76.9283343151655,38.879566573590637],[-76.9283145625472,38.879536949414572],[-76.92830000228669,38.879504457006973],[-76.928299414996317,38.879477145826151],[-76.928303355149808,38.879450113980141],[-76.928311714107679,38.879424106801679],[-76.928324261393456,38.879399841370969],[-76.928340651048416,38.879377986744032],[-76.928360431170503,38.879359145505269],[-76.928383056374415,38.879343837152767],[-76.928407902829065,38.879332483774462],[-76.928434285458223,38.879325398410174],[-76.92845847045804,38.879319566778292],[-76.928486284535666,38.879314980522238],[-76.928386092926402,38.878907577472802],[-76.928372343868247,38.878907560033028],[-76.92831212005747,38.878914306405356],[-76.928251585029813,38.878921088588989],[-76.928190761843894,38.87892789758925],[-76.928130226793172,38.878934679710007],[-76.928062436210112,38.878650603226838],[-76.928081105590636,38.87851409246791],[-76.928084344810202,38.878490456428473],[-76.926238729902224,38.879928270561344],[-76.926211387404578,38.880156300806625],[-76.927210160848063,38.880229472145444],[-76.927760911506653,38.880269811362787],[-76.928507735047191,38.880324510438243],[-76.929254559723731,38.880379213745996],[-76.92941561033625,38.880391004082796],[-76.929374639862985,38.880553004289283]]]]}},{"type":"Feature","properties":{"id":"DPR_0627","name":"Hillcrest Recreation Center","address":"Alabama Ave., west of 32nd St., SE","type":"REC CENTER GROUNDS","ward":"7","water":1,"playground":1,"picnic":0,"benches":6,"pool":0,"garden":"N"},"geometry":{"type":"Polygon","coordinates":[[[-76.962149216521809,38.861098129153632],[-76.963526281038639,38.860601933113088],[-76.963733817752527,38.860954010861384],[-76.964565074648135,38.860654988282484],[-76.964488989564501,38.860528338659421],[-76.964419030028367,38.860398205149991],[-76.964355355193405,38.860264883799992],[-76.964298109915987,38.860128677907362],[-76.964247424425622,38.859989897332206],[-76.964203414028731,38.859848857791867],[-76.96416617884627,38.859705880142705],[-76.964135803586004,38.859561289650152],[-76.964112357349805,38.859415415248762],[-76.964095893476426,38.859268588793903],[-76.964086449420179,38.859121144306805],[-76.964084046665704,38.858973417214692],[-76.964088690679148,38.858825743587687],[-76.964100370895636,38.858678459374289],[-76.964119060743414,38.858531899637107],[-76.964144717704187,38.858386397790596],[-76.964177283409953,38.858242284842596],[-76.964216683775717,38.858099888641277],[-76.96426282916805,38.857959533129311],[-76.964315614608992,38.857821537606924],[-76.964427626681285,38.85735678199859],[-76.964177035679441,38.857377813231402],[-76.963926035828294,38.857393215753518],[-76.96367475354252,38.857402981807553],[-76.963423315378989,38.857407106474881],[-76.963171847973115,38.857405587678151],[-76.961986224320185,38.857404676194051],[-76.962149216521809,38.861098129153632]]]}},{"type":"Feature","properties":{"id":"DPR_0486","name":"Raymond","address":"Spring Rd., between Quincy and 9th Sts., NW","type":"REC CENTER GROUNDS","ward":"4","water":2,"playground":1,"picnic":0,"benches":0,"pool":0,"garden":"N"},"geometry":{"type":"Polygon","coordinates":[[[-77.025751997164676,38.936375782959118],[-77.025780497399111,38.936406377871457],[-77.025780774728375,38.937173281366199],[-77.026097181048684,38.93717321114444],[-77.026183168549323,38.937173191912734],[-77.026205567107979,38.937296339344115],[-77.027039796364093,38.937248207154376],[-77.027039590412926,38.936705204945767],[-77.027039465360232,38.936375492190066],[-77.027038381157112,38.936375492440888],[-77.025751997164676,38.936375782959118]]]}},{"type":"Feature","properties":{"id":"DPR_0421","name":"Fort Greble","address":"South Capitol & 2nd Sts., SE & SW","type":"REC CENTER GROUNDS","ward":"8","water":0,"playground":1,"picnic":0,"benches":3,"pool":0,"garden":"N"},"geometry":{"type":"Polygon","coordinates":[[[-77.015152206671303,38.828293225152137],[-77.016364667244588,38.828153267990267],[-77.016440129460548,38.827576868467347],[-77.016266358549757,38.827230066712396],[-77.016127117083855,38.826788445754339],[-77.016054619797359,38.826524804819464],[-77.015971860229229,38.825841253317499],[-77.015107867056273,38.826004349664373],[-77.01402721075614,38.826208328286313],[-77.014027436987405,38.826539191409559],[-77.014027516914979,38.826946013960679],[-77.014027600429287,38.827371087646377],[-77.013951661923116,38.827376700019265],[-77.01401833516465,38.827926965406462],[-77.013777032138648,38.827944830915811],[-77.013832516724733,38.828408958701701],[-77.0145721397692,38.828360177906546],[-77.015152206671303,38.828293225152137]]]}},{"type":"Feature","properties":{"id":"DPR_0412","name":"Fort Stanton","address":"north of Erie St., between Pearson Pl. & 16th St., SE","type":"REC CENTER GROUNDS","ward":"8","water":1,"playground":1,"picnic":0,"benches":1,"pool":1,"garden":"N"},"geometry":{"type":"Polygon","coordinates":[[[-76.980670907902336,38.858891753890219],[-76.980671252213938,38.85762016064384],[-76.980202268129773,38.857397970303346],[-76.979562984967558,38.857397860161925],[-76.978916616247119,38.857397583089181],[-76.97840763916119,38.857397463052102],[-76.977928433149856,38.857397355435928],[-76.977876898311948,38.857397345683076],[-76.977073021690316,38.857397118539176],[-76.976928526182022,38.857310906457528],[-76.975973594315136,38.858920834846785],[-76.974678763018943,38.860133122089252],[-76.975737791979981,38.860825211783151],[-76.975848370462742,38.860884113750743],[-76.976898138258136,38.861566696037386],[-76.977357409664165,38.861151470769066],[-76.977476960460123,38.861043996398784],[-76.977575120234562,38.860955750778032],[-76.977772245809945,38.860778538764968],[-76.978135083918886,38.85979011307235],[-76.978446574606394,38.859098288008163],[-76.97852354210346,38.859087383979642],[-76.978817518074422,38.859078402229599],[-76.979276772566408,38.859064377446131],[-76.979723652592483,38.859050727061906],[-76.979937374305379,38.859268596681844],[-76.980060474910772,38.85946175837384],[-76.980231333683875,38.859612804637045],[-76.980415380132257,38.859447540086826],[-76.980881577388416,38.8590288877839],[-76.980670907902336,38.858891753890219]]]}},{"type":"Feature","properties":{"id":"DPR_0474","name":"Barry Farms Playground","address":"Martin Luther King Jr. Blvd., between Howard & Summer Rds., SE","type":"REC CENTER GROUNDS","ward":"8","water":0,"playground":1,"picnic":1,"benches":0,"pool":1,"garden":"Y"},"geometry":{"type":"Polygon","coordinates":[[[-76.995014190387522,38.8598020890051],[-76.994857973165864,38.86004509344496],[-76.994697733315434,38.860294340320067],[-76.994528573392301,38.860557459517004],[-76.994497506834463,38.86060571617309],[-76.994570999197663,38.860676805067648],[-76.994717524381642,38.860806911409959],[-76.994786432694383,38.860861154211193],[-76.994800304234317,38.860872082044644],[-76.994812240233514,38.860881217114581],[-76.994820731395308,38.860887577436841],[-76.994869477835479,38.860924108736448],[-76.994927913720261,38.860967883207287],[-76.994965115940175,38.86099575687188],[-76.995042654524497,38.861050071959234],[-76.995074626402555,38.861070450360138],[-76.995115688649477,38.861097216103197],[-76.995164562538505,38.861127639574242],[-76.995191476646653,38.861143810800847],[-76.99526263327067,38.861185243436069],[-76.99530263591798,38.861207730069971],[-76.995306414974081,38.861209811167093],[-76.995367329303619,38.861242388048417],[-76.995434396287408,38.861276802856246],[-76.995438083191587,38.861278631709673],[-76.99550065694828,38.861308857388067],[-76.995535774817455,38.861325200010548],[-76.995539680646573,38.861326983827027],[-76.995618488626249,38.861362020557337],[-76.995684231185649,38.861390354487412],[-76.995785068884572,38.861432472535256],[-76.995787949304813,38.861433679767501],[-76.99589040017176,38.861476329279022],[-76.996038845785435,38.86153915012212],[-76.996214724942519,38.861612979957464],[-76.996328836328829,38.861660665167044],[-76.996365187470317,38.861675926567401],[-76.996580805790174,38.861769566594752],[-76.996778300860825,38.861855521541997],[-76.99687394338946,38.861898386201652],[-76.997031619583481,38.86196905235817],[-76.997233447761715,38.862062348504594],[-76.997294536669315,38.86209123092793],[-76.997360731913275,38.862065801673516],[-76.997939537889081,38.861843494522439],[-76.996620200341724,38.861023012905811],[-76.997077419232141,38.860573595092013],[-76.996735576338764,38.860360996291675],[-76.996640282378564,38.860301727180897],[-76.99524917678653,38.859436582026866],[-76.995014190387522,38.8598020890051]]]}}]}
